Gene,SNP_ID,Dose_0_n,Dose_1_n,Dose_2_n,Dose_0_median,Dose_1_median,Dose_2_median,LBL_r,LBL_M2,LBL_p,JT_Z,JT_p,Spearman_rho,Spearman_p,OrdLogit_coef,OrdLogit_p
CPLX3-ULK3,rs6495122,19,8,0,33.33,13.5,,-0.5137,6.8621,0.008804,-2.655,0.007932,-0.5208,0.005353,-2.1787,0.013834
OR7G3,rs10414255,12,9,6,18.93,37.5,38.1,0.4349,4.9171,0.026592,2.412,0.015867,0.4746,0.012383,0.9982,0.04292
RBFOX1,rs3095508,0,10,17,,39.85,23.08,-0.4202,4.5907,0.032146,-2.0837,0.037187,-0.4087,0.034288,-1.1183,0.144263
GC,rs2282679,12,13,2,36.67,30.95,11.77,-0.3995,4.1496,0.041643,-1.9932,0.046244,-0.3931,0.042532,-1.2626,0.051568
MSRB3,rs10878269,17,10,0,22.86,40.59,,0.3926,4.007,0.045311,2.1088,0.034961,0.4136,0.031976,1.9882,0.016977
EMX2OS-RAB11FIP2,rs10886142,5,16,6,37.5,32.18,14.44,-0.3791,3.7374,0.053206,-1.8817,0.059882,-0.3952,0.041335,-1.8297,0.01061
SCARB1,rs11057830,18,8,1,26.54,38.75,60.61,0.3747,3.6511,0.056032,1.8865,0.059226,0.3677,0.059206,1.7138,0.035338
HNF4G-ZFHX4,rs4735692,10,9,8,28.89,33.33,38.42,0.3725,3.6074,0.057523,1.7138,0.086567,0.3414,0.081332,0.7336,0.097106
chr20p11,rs2180439,2,14,11,21.77,22.97,37.5,0.3696,3.5516,0.059487,1.9556,0.050512,0.3689,0.058275,1.0675,0.109081
ARG1,rs2246012,14,9,4,36.67,27.78,22.97,-0.3683,3.5276,0.060355,-1.7591,0.078568,-0.3446,0.07837,-0.5808,0.223426
CTNNA2,rs4852146,0,13,14,,22.86,32.18,0.3644,3.4529,0.063139,1.6256,0.104029,0.3189,0.105,1.0329,0.15891
VEGFA,rs2010963,2,8,17,50.38,29.41,30.0,-0.3634,3.4337,0.063877,-1.6271,0.103714,-0.3245,0.09866,-1.2154,0.059845
PKD1L2,rs8044334,8,17,2,35.42,30.0,13.67,-0.3449,3.0921,0.078672,-1.9476,0.051463,-0.3871,0.046086,-1.7426,0.016959
SCN9A,rs6746030,1,1,25,58.06,42.86,30.0,-0.344,3.0776,0.079377,-1.8034,0.071323,-0.3468,0.076363,-9.4823,0.894418
SLC24A5,rs1426654,0,1,26,,60.61,30.48,-0.3386,2.9814,0.084228,-1.5407,0.1234,-0.3022,0.125518,-11.2518,0.951505
TTC39B,rs686030,0,1,26,,60.61,30.48,-0.3386,2.9814,0.084228,-1.5407,0.1234,-0.3022,0.125518,-11.2518,0.951505
SLC7A2,rs56335308,23,4,0,33.33,21.96,,-0.3272,2.7843,0.095192,-1.4333,0.151772,-0.2811,0.155451,-1.2291,0.216586
SLC16A1,rs1049434,2,14,11,49.05,32.18,27.78,-0.3264,2.7696,0.096073,-1.5786,0.114423,-0.3117,0.113508,-1.2626,0.05156
ATXN2L,rs12928404,8,13,6,16.28,36.84,33.33,0.3191,2.6479,0.103685,1.8624,0.062553,0.3816,0.049546,0.823,0.109785
KCTD17-TMPRSS6,rs760719,6,15,6,13.5,33.33,31.43,0.3153,2.5851,0.107875,1.6103,0.107328,0.3175,0.106629,1.0549,0.074773
NEIL3-AGA,rs1395479,14,10,3,21.85,41.43,37.5,0.314,2.5628,0.109408,1.959,0.050116,0.4004,0.038494,1.662,0.016538
TF,rs8177240,3,18,6,30.0,25.32,40.59,0.3048,2.4161,0.120091,1.6142,0.106487,0.3324,0.090228,1.0997,0.105295
DEF8,rs4268748,24,3,0,32.18,13.89,,-0.2949,2.2606,0.132702,-1.6973,0.089633,-0.3329,0.089721,-1.7631,0.160466
SLC4A5,rs10177833,10,13,4,33.33,19.23,27.06,-0.2751,1.9672,0.160746,-1.3311,0.183163,-0.2548,0.199536,-0.4904,0.330053
FTO,rs9939609,25,2,0,30.0,47.45,,0.2736,1.9465,0.162964,1.3887,0.164915,0.2724,0.169261,1.1053,0.406831
CLOCK,rs12649507,6,8,13,37.25,34.23,27.78,-0.273,1.9371,0.163989,-1.34,0.18025,-0.2673,0.177653,-0.8168,0.08347
OR51B5,rs317787,9,12,6,30.0,32.18,17.12,-0.271,1.9093,0.167037,-1.1722,0.241129,-0.2471,0.213975,-0.5153,0.315459
ZEB2,rs10427255,3,19,5,30.95,33.33,20.83,-0.2706,1.9036,0.167672,-1.4376,0.150544,-0.2829,0.152777,-0.8647,0.203617
KCNK3,rs1275988,23,3,1,27.78,37.5,40.0,0.2658,1.8374,0.175251,1.6673,0.095448,0.3205,0.103096,2.0556,0.076128
UST,rs13211840,26,1,0,30.99,8.11,,-0.2557,1.7003,0.192251,-1.5407,0.1234,-0.3022,0.125518,-13.8877,0.98397
BPESC1,rs646315,26,1,0,30.99,8.11,,-0.2557,1.7003,0.192251,-1.5407,0.1234,-0.3022,0.125518,-13.8877,0.98397
NEGR1,rs2815752,0,4,23,,19.66,31.03,0.2529,1.6634,0.197148,1.5357,0.124617,0.3012,0.126805,1.2291,0.216581
SLC5A6,rs1395,0,5,22,,13.33,32.14,0.2508,1.636,0.200882,1.4356,0.151107,0.2816,0.154751,1.2291,0.216581
PKD1L2-BCO1,rs4889286,0,14,13,,32.18,20.83,-0.2464,1.5786,0.208956,-1.3102,0.190126,-0.257,0.19565,-1.0599,0.154059
TAS2R16,rs6466849,14,10,3,33.33,22.97,19.23,-0.2461,1.575,0.209476,-1.2593,0.207908,-0.2345,0.239121,-0.8358,0.149816
LYZL4-VIPR1,rs11718502,9,13,5,19.23,33.33,33.33,0.2444,1.5535,0.212616,1.596,0.110489,0.3024,0.125308,0.8323,0.107777
MPP7,rs1937810,7,13,7,19.23,31.03,33.33,0.243,1.5349,0.215384,1.3156,0.188315,0.2543,0.200581,0.6879,0.185723
GGT1,rs3859862,6,0,21,21.96,,33.33,0.2425,1.5292,0.216232,1.2831,0.199469,0.2517,0.205395,0.4911,0.262264
HMGCR,rs7703051,19,1,7,30.95,33.33,30.0,-0.2331,1.4123,0.234672,-0.9488,0.342726,-0.1847,0.356444,-0.224,0.586163
HS6ST3,rs7989336,8,10,9,20.83,33.9,31.03,0.2299,1.3743,0.241068,1.2019,0.22941,0.2366,0.234778,0.5568,0.23098
ANKK1,rs1800497,13,9,5,36.84,20.83,23.08,-0.2254,1.3208,0.25045,-1.1856,0.23578,-0.2459,0.21626,-0.7256,0.133858
FTO,rs9939973,20,7,0,29.37,36.84,,0.2243,1.3082,0.252725,0.8853,0.37602,0.1736,0.386398,0.4463,0.586994
BDNF,rs6265,8,8,11,33.33,21.15,31.03,-0.2213,1.2732,0.259168,-0.9379,0.348296,-0.1798,0.369468,-0.2326,0.578743
DLEU7,rs592333,1,12,14,31.03,21.04,33.33,0.2166,1.2193,0.269504,1.2414,0.214464,0.2481,0.212018,0.4694,0.435023
TIMP2-LGALS3BP,rs4789932,6,11,10,21.39,41.18,31.67,0.21,1.1464,0.28431,0.7411,0.45862,0.1713,0.392827,0.5297,0.241202
MIR196A2,rs11614913,6,13,8,39.34,27.78,25.13,-0.2015,1.0552,0.304303,-1.3854,0.165927,-0.2716,0.170519,-1.0632,0.050276
CHRNB3,rs4950,1,7,19,22.86,23.08,31.03,0.1997,1.0369,0.308533,0.9488,0.342726,0.1866,0.351388,0.4881,0.428035
TAS2R38,rs1726866,9,9,9,30.95,30.0,31.03,0.1977,1.0165,0.31334,0.8,0.423711,0.1602,0.42481,0.2523,0.563353
TAS2R38,rs10246939,9,9,9,31.03,30.0,30.95,-0.1977,1.0165,0.31334,-0.8,0.423711,-0.1602,0.42481,-0.2523,0.563353
PPARD,rs2016520,2,10,15,30.18,23.5,33.33,0.1946,0.9845,0.321089,1.0706,0.28434,0.2164,0.278191,0.2024,0.715045
LINGO2,rs2150864,6,14,7,28.1,30.52,30.95,0.1939,0.9777,0.322778,0.8041,0.421348,0.1622,0.418909,0.1771,0.731602
HGFAC,rs13108218,9,12,6,23.08,29.37,37.17,0.1931,0.9694,0.324839,1.1496,0.250297,0.2319,0.244535,0.6276,0.204829
SSPN-ITPR2,rs10842707,2,17,8,35.42,30.0,25.89,-0.1913,0.951,0.329466,-1.0108,0.312121,-0.2035,0.308678,-0.7898,0.219887
PHACTR2,rs1416208,14,8,5,30.52,21.85,42.86,0.1902,0.9402,0.33222,0.6218,0.534056,0.1274,0.526603,0.1473,0.753801
EDAR,rs365060,0,3,24,,19.23,32.14,0.19,0.939,0.332536,1.003,0.315874,0.1967,0.325352,1.7631,0.160464
BHMT,rs567754,8,11,8,38.42,22.86,25.43,-0.1896,0.9345,0.333684,-1.3399,0.180292,-0.2904,0.14176,-0.6734,0.144001
REV3L,rs6900341,12,13,2,35.09,22.86,22.46,-0.1823,0.8645,0.352484,-1.1255,0.260356,-0.2319,0.244414,-0.8547,0.144876
CYP2A6,rs11878604,11,12,4,27.78,32.14,35.52,0.1776,0.8202,0.365116,0.7085,0.47866,0.1459,0.467901,0.17,0.736523
HPR,rs2000999,12,14,1,32.18,30.48,-6.45,-0.1756,0.8017,0.370583,-0.3103,0.756298,-0.0632,0.754283,0.0,1.0
POC5,rs2307111,2,16,9,38.65,30.56,30.95,-0.1733,0.7805,0.376996,-0.5554,0.578593,-0.1063,0.597869,0.0,1.0
TMEM270-ELN,rs7787362,15,11,1,22.86,31.03,41.18,0.1732,0.7799,0.377185,1.0586,0.289792,0.2067,0.300905,0.8247,0.206056
EDAR,rs3827760,1,4,22,50.0,35.0,29.37,-0.172,0.7694,0.380404,-0.8705,0.384039,-0.1731,0.387924,-1.2158,0.156954
DGKB-TMEM195,rs1974620,1,11,15,12.0,30.0,33.33,0.171,0.7602,0.383273,0.7458,0.455779,0.1511,0.451866,0.5466,0.394582
AHR,rs6968865,10,14,3,35.42,29.37,11.54,-0.1689,0.7419,0.389063,-1.2827,0.199612,-0.2419,0.22406,-0.9434,0.126764
LIPC,rs1077835,10,13,4,30.99,23.08,51.73,0.168,0.7335,0.391743,0.5049,0.613635,0.1132,0.573893,0.2026,0.713007
CYP4F2,rs2108622,14,10,3,32.18,17.92,33.33,-0.1671,0.7264,0.394054,-1.0028,0.315954,-0.2041,0.307182,-0.547,0.307432
TRIB1,rs17321515,6,12,9,37.25,30.48,27.78,-0.1639,0.6986,0.403254,-0.834,0.404256,-0.1551,0.439928,-0.308,0.523378
SOX2,rs1345417,15,11,1,30.0,33.33,13.33,-0.155,0.6244,0.429412,-0.3849,0.700284,-0.0696,0.730116,-0.5466,0.394593
BCAS1-CYP24A1,rs6123359,11,13,3,30.0,33.33,23.08,0.1532,0.6099,0.434826,0.6949,0.487103,0.1254,0.533203,0.3796,0.481036
TRHR,rs16892496,8,10,9,30.52,30.56,30.95,0.1516,0.5974,0.439557,0.2448,0.80659,0.0512,0.799762,0.0,1.0
VAMP3,rs11121022,11,16,0,33.33,26.54,,-0.1495,0.5811,0.445869,-0.8636,0.387829,-0.1694,0.398319,-0.3439,0.632838
TRPV1,rs8065080,6,9,12,33.33,22.86,28.89,-0.1489,0.5761,0.447847,-0.5861,0.557818,-0.1083,0.590781,0.0,1.0
PKD2L1,rs603424,23,4,0,27.78,37.17,,0.1469,0.5614,0.453679,1.092,0.274816,0.2142,0.283335,1.2291,0.21659
COLEC10,rs2062377,1,13,13,-6.45,33.33,23.08,0.1457,0.5523,0.457397,0.0238,0.981003,0.009,0.964461,0.0,1.0
NEK11,rs1389271,8,7,12,17.12,40.0,30.52,0.1443,0.5417,0.461739,0.8543,0.392953,0.1761,0.379603,0.5971,0.166033
MTHFR,rs13306561,24,2,1,30.99,32.97,13.33,-0.1442,0.5406,0.462166,-0.385,0.700241,-0.0733,0.71631,-0.4596,0.57977
HMCN1,rs10798036,2,16,9,44.55,29.37,30.0,-0.143,0.5315,0.465969,-0.6762,0.498921,-0.1373,0.494545,-0.235,0.692423
CHRNA3,rs1051730,22,5,0,30.48,33.33,,0.1425,0.5277,0.467562,0.7178,0.472871,0.1408,0.483625,0.9821,0.26228
HMX3-GPR26,rs705145,8,11,8,20.03,36.84,32.18,0.1422,0.5259,0.468338,0.9379,0.348296,0.2101,0.292979,0.5666,0.226411
ACTN3,rs1815739,8,13,6,25.89,27.78,40.59,0.1412,0.5183,0.471567,1.022,0.30677,0.1858,0.353416,0.9317,0.090151
TGFA,rs3821269,7,18,2,33.33,29.37,34.62,-0.1381,0.4955,0.481477,-0.7346,0.462614,-0.1391,0.489071,-0.3126,0.649411
TMEM18,rs7594220,0,2,25,,22.42,31.03,0.1351,0.4747,0.490844,0.7407,0.458902,0.1453,0.469674,1.1053,0.406812
NPR3-C5orf23,rs1173727,2,10,15,24.64,26.95,30.95,0.1307,0.4438,0.505284,0.5948,0.551985,0.1202,0.550216,0.4694,0.435026
PHLDA3,rs192314256,26,1,0,30.99,19.23,,-0.1298,0.4381,0.508062,-0.7703,0.441105,-0.1511,0.451866,-13.8877,0.983966
CDKAL1,rs9358356,7,11,9,27.78,36.84,30.0,-0.1285,0.4294,0.512306,-0.2907,0.771271,-0.0593,0.769051,0.0,1.0
IQCH,rs28399271,7,17,3,27.78,30.95,40.0,-0.1277,0.4239,0.51498,-0.0245,0.98044,-0.0257,0.898821,0.2911,0.660194
SLC39A11,rs891684,15,12,0,27.78,32.14,,0.1264,0.4152,0.519365,0.6343,0.525862,0.1244,0.536354,0.3354,0.637034
CHRNA4,rs2273500,19,8,0,30.95,30.56,,-0.1253,0.408,0.522992,-0.4513,0.651741,-0.0885,0.660582,0.0,1.0
PPCDC,rs2120019,5,17,5,33.33,27.78,41.18,0.1245,0.4031,0.525489,0.8787,0.379539,0.1758,0.380341,0.7149,0.240698
UCP3,rs1685356,5,10,12,30.95,27.06,31.67,0.1231,0.3939,0.530243,0.6573,0.510999,0.1186,0.555696,0.284,0.540067
PIGK-AK5,rs11162296,15,10,2,27.78,35.09,27.25,0.1191,0.3685,0.543808,0.8089,0.418565,0.1474,0.463098,0.2323,0.694964
GRM8,rs2237781,21,6,0,30.0,30.99,,-0.1155,0.3471,0.55575,-0.4082,0.683091,-0.0801,0.691339,0.0,1.0
ACO1,rs10970305,0,8,19,,35.48,30.0,-0.1083,0.305,0.580756,-0.5841,0.559157,-0.1146,0.569342,-0.4463,0.586991
ADH1B,rs1229984,13,12,2,33.33,27.01,47.0,0.1081,0.3041,0.581322,0.3986,0.690164,0.0786,0.69671,0.2093,0.708776
GCKR,rs1260326,11,13,3,30.0,31.03,33.33,0.1068,0.2967,0.585937,0.6023,0.546996,0.1227,0.542113,0.7198,0.178129
L3MBTL3,rs7740107,0,1,26,,40.0,30.48,-0.1053,0.2885,0.59119,-0.7703,0.441105,-0.1511,0.451866,-11.2518,0.951506
PDXDC1,rs72789541,9,15,3,23.08,40.0,19.23,0.105,0.2867,0.592322,0.9908,0.321795,0.1915,0.338583,0.2054,0.713024
PKD1L2-BCO1,rs6564851,1,10,16,22.86,32.18,27.01,-0.104,0.281,0.596052,-0.6095,0.542224,-0.1272,0.527118,-0.4694,0.435022
PKD1L2-BCO1,rs10048138,1,10,16,22.86,32.18,27.01,-0.104,0.281,0.596052,-0.6095,0.542224,-0.1272,0.527118,-0.4694,0.435022
MIR572-RAB28,rs1913707,15,5,7,30.95,15.0,33.33,-0.1021,0.2708,0.60278,-0.3738,0.708516,-0.0599,0.766796,0.1141,0.782852
HLA-DOA,rs9276975,25,1,1,30.95,11.54,50.0,0.1,0.2602,0.610002,-0.1387,0.889668,-0.0229,0.909926,0.6023,0.533932
MPPED2-DCDC1,rs963837,7,15,5,33.33,30.95,22.86,-0.0996,0.2578,0.611668,-0.7944,0.426945,-0.152,0.449076,-0.3802,0.479502
CETP,rs3764261,21,5,1,30.0,30.95,31.03,0.0989,0.2546,0.613887,0.3772,0.706009,0.0683,0.734851,0.0,1.0
AGXT2,rs37369,4,11,12,24.62,30.95,32.18,0.0973,0.2463,0.619663,0.1828,0.854933,0.0396,0.8446,0.17,0.736517
PLCE1,rs2274224,7,14,6,36.84,25.43,31.67,-0.0932,0.2261,0.634454,-0.5284,0.597223,-0.1132,0.573969,-0.1771,0.731602
BCAT1,rs4963772,20,7,0,30.48,33.33,,0.0907,0.2141,0.643576,0.6363,0.524597,0.1248,0.535098,0.4463,0.586994
RNF220,rs272564,12,13,2,22.97,36.84,32.18,0.0901,0.2111,0.645925,0.7738,0.43904,0.1671,0.40475,0.3796,0.481036
CASC17,rs6501455,13,12,2,30.95,27.06,26.28,-0.09,0.2107,0.646201,-0.3986,0.690164,-0.0892,0.658212,-0.404,0.465464
IRS1,rs2943656,0,3,24,,30.95,30.52,0.0886,0.2042,0.651332,0.4629,0.643429,0.0908,0.652417,0.0,1.0
IL2-IL21,rs7682481,10,9,8,27.06,33.33,29.37,0.0852,0.1886,0.664051,0.1781,0.858679,0.0382,0.849792,0.0,1.0
GRB14,rs13027837,11,12,4,33.33,33.94,24.62,-0.085,0.1878,0.664761,-0.4571,0.64762,-0.0851,0.672821,-0.3297,0.508738
MC4R,rs12970134,14,13,0,32.31,30.95,,-0.0845,0.1859,0.666392,-0.5823,0.560355,-0.1142,0.570527,-0.6751,0.346872
FTO,rs1421085,21,6,0,30.95,33.42,,0.0826,0.1775,0.673553,0.2333,0.81554,0.0458,0.820709,0.0,1.0
SLC2A4RG,rs4809221,14,11,2,32.14,23.08,38.56,0.0819,0.1744,0.676247,-0.1414,0.887578,-0.025,0.901427,-0.2323,0.694963
COPB1,rs55665837,12,10,5,30.56,30.48,33.33,-0.0812,0.1714,0.678907,-0.2946,0.768266,-0.0592,0.769194,-0.1604,0.744147
ALG14,rs6675668,20,5,2,30.99,22.86,28.04,-0.0764,0.1519,0.696761,-0.5477,0.583882,-0.1051,0.601712,-0.4297,0.453705
CCDC91,rs7977418,6,17,4,33.94,27.78,42.02,0.0691,0.1241,0.724604,0.7331,0.463504,0.1301,0.517633,0.7149,0.240697
MEPE-SPP1,rs6532023,4,13,10,30.56,30.95,27.06,0.0689,0.1235,0.725268,0.2524,0.800696,0.0449,0.823926,0.3175,0.517421
ZPR1,rs964184,2,11,14,8.2,33.33,30.99,0.067,0.1168,0.732495,0.1178,0.90622,0.0286,0.887332,0.2029,0.712991
TAT-MARVELD3,rs4788815,1,13,13,33.33,30.0,30.95,0.0657,0.1121,0.737718,0.2381,0.81179,0.0464,0.818283,0.0,1.0
PRDM8-FGF5,rs12509595,12,11,4,28.89,33.33,22.98,0.0656,0.112,0.737837,0.3428,0.731747,0.0783,0.697753,-0.17,0.736526
FADS1,rs174550,17,8,2,30.95,25.42,45.61,0.0649,0.1094,0.740845,0.0247,0.980332,0.0,1.0,-0.2026,0.715139
FST,rs629725,1,9,17,30.95,31.03,30.0,0.064,0.1064,0.744278,0.0745,0.940578,0.0094,0.962916,0.0,1.0
HNF1A,rs7310409,11,11,5,33.33,19.23,37.5,-0.0623,0.1008,0.750875,-0.0452,0.963915,-0.0188,0.925965,0.0,1.0
SNX13,rs4142995,5,16,6,27.78,32.18,30.48,-0.0589,0.0901,0.76405,-0.262,0.793319,-0.0499,0.804707,0.0,1.0
BNC2,rs10810635,8,4,15,29.37,16.56,36.84,0.0527,0.0722,0.788178,0.2579,0.796454,0.0747,0.711028,0.3072,0.436827
ESR1,rs6902771,14,11,2,32.14,31.03,19.05,0.0517,0.0694,0.792171,0.1885,0.850491,0.0278,0.890685,0.0,1.0
ZNF621-CTNNB1,rs430727,19,2,6,30.0,36.67,27.06,-0.0516,0.0692,0.792444,-0.0262,0.979083,0.0017,0.993223,0.1204,0.777332
P2RX7,rs7958311,4,18,5,22.42,32.18,23.08,-0.0502,0.0655,0.798064,-0.151,0.879968,-0.0201,0.920573,0.0,1.0
CHPT1,rs2559850,11,8,8,31.03,26.43,34.23,0.0491,0.0626,0.802493,0.4243,0.671356,0.0707,0.725939,0.3737,0.390962
chr20p11,rs1160312,4,16,7,40.59,21.85,36.84,-0.0478,0.0594,0.807412,0.0239,0.980954,0.013,0.948578,-0.209,0.708833
SNCA1P,rs4836027,6,10,11,35.09,28.89,30.95,0.0463,0.0558,0.813282,0.0674,0.946283,0.0162,0.936136,0.0,1.0
TGFA,rs3771501,4,19,4,36.43,27.78,40.48,0.0461,0.0552,0.814205,0.2089,0.834532,0.0437,0.82871,0.2744,0.670028
PLIN1,rs1052700,14,11,2,26.43,33.33,32.31,-0.0423,0.0465,0.829304,0.2356,0.813731,0.0517,0.797694,0.1845,0.726408
CYP2A6,rs12459249,5,18,4,31.03,28.89,32.02,-0.0419,0.0457,0.830658,-0.302,0.762637,-0.0601,0.766037,0.0,1.0
AGT,rs699,0,9,18,,31.03,22.97,-0.041,0.0437,0.834492,-0.5401,0.589154,-0.1059,0.598978,-0.344,0.632799
CA1,rs1532423,9,15,3,30.95,27.78,33.33,-0.0402,0.0419,0.837752,-0.1415,0.887444,-0.0237,0.906661,0.0,1.0
ALDH2,rs671,18,9,0,30.48,33.33,,-0.0389,0.0393,0.84288,0.0,1.0,0.0,1.0,0.0,1.0
PCNX3,rs61744384,7,13,7,30.0,31.03,27.78,0.0387,0.0389,0.843604,0.1361,0.891747,0.0264,0.895933,-0.1432,0.757589
CYP2A6,rs7247903,13,10,4,30.95,32.18,23.5,-0.0352,0.0323,0.857398,-0.3442,0.730662,-0.0673,0.738723,-0.3348,0.506232
BCAS3,rs9895661,7,13,7,27.78,33.33,23.08,0.0342,0.0303,0.861704,0.068,0.945748,0.0198,0.921859,-0.3354,0.506123
SMAD5,rs7711696,11,11,5,33.33,31.03,27.78,0.0335,0.0292,0.864354,-0.2714,0.786049,-0.0642,0.750338,-0.1389,0.761259
MUC1,rs4072037,1,4,22,40.0,18.1,30.99,-0.0325,0.0275,0.868367,0.2487,0.803587,0.0452,0.822887,-0.3831,0.61195
WSCD2,rs1426371,8,16,3,34.23,30.52,23.08,-0.0318,0.0263,0.871115,-0.048,0.961744,0.0003,0.998622,-0.2446,0.687261
DLC1-SGCZ,rs10888073,11,12,4,31.03,29.37,28.84,-0.0307,0.0245,0.875654,-0.2742,0.783898,-0.0442,0.826576,-0.17,0.736526
FAM185A,rs3972456,6,9,12,21.04,31.03,32.14,0.0283,0.0209,0.885113,0.3607,0.718348,0.0729,0.717993,0.1446,0.756343
MTNR1B,rs10830963,6,15,6,39.01,30.0,33.89,-0.0283,0.0208,0.885391,-0.14,0.888638,-0.0285,0.887645,0.0,1.0
AGTR2,rs11091046,6,3,18,30.52,15.0,32.14,0.0269,0.0188,0.891059,0.5044,0.613957,0.0903,0.65434,0.1204,0.777245
TFR2,rs7385804,0,6,21,,32.02,30.95,-0.0262,0.0178,0.893868,-0.2333,0.81554,-0.0458,0.820709,-0.5347,0.55299
CA10-KIF2B,rs9903973,8,9,10,22.98,40.0,25.43,0.0257,0.0171,0.895862,-0.2003,0.841235,-0.0274,0.892143,0.0,1.0
CMIP,rs2925979,2,16,9,4.27,35.42,20.83,-0.0255,0.0169,0.896538,-0.7728,0.439648,-0.137,0.49566,-0.5591,0.401127
CUX2,rs79105258,24,3,0,30.48,36.84,,-0.0252,0.0165,0.897678,-0.0772,0.938503,-0.0151,0.940281,0.0,1.0
C11orf49,rs747650,3,13,11,41.18,27.78,33.33,0.0246,0.0158,0.899988,0.0,1.0,-0.0013,0.994675,-0.2196,0.702105
KCNJ2-CASC17,rs8066985,1,15,11,41.18,27.78,33.33,0.0201,0.0105,0.91855,0.2887,0.772809,0.0472,0.815085,0.0,1.0
FOXP2,rs8180817,3,11,13,19.23,33.33,27.78,0.0197,0.0101,0.920074,-0.0232,0.981519,0.0054,0.978703,0.0,1.0
BCO1,rs6564863,5,7,15,33.33,19.23,30.95,-0.0165,0.0071,0.9329,-0.1869,0.85172,-0.0337,0.867593,-0.2502,0.564391
FADS2-FADS3,rs174448,1,6,20,57.89,21.85,32.18,-0.0142,0.0052,0.942249,0.6874,0.491825,0.1331,0.508046,0.3207,0.649545
VEGFA-MRPL14,rs998584,7,9,11,23.08,40.0,27.78,-0.0113,0.0033,0.95389,-0.1342,0.893264,-0.0306,0.879542,-0.2363,0.576315
SCNN1B,rs239345,17,9,1,30.95,36.84,15.0,0.0098,0.0025,0.960242,0.1739,0.861917,0.0311,0.87775,-0.2876,0.660358
TM6SF2,rs58542926,26,1,0,30.99,30.0,,-0.0079,0.0016,0.967958,-0.1284,0.897842,-0.0252,0.900776,0.0,1.0
GPX7,rs1097234,16,11,0,32.18,27.78,,0.0072,0.0014,0.970662,-0.148,0.882312,-0.029,0.88568,-0.3624,0.623985
HECTD4,rs2074356,20,7,0,30.48,33.33,,-0.0066,0.0011,0.973296,0.1383,0.889987,0.0271,0.893141,0.3942,0.609335
SERINC2,rs4949402,14,10,3,26.54,38.75,20.83,-0.0046,0.0006,0.981179,0.3032,0.761757,0.0601,0.766024,0.0,1.0
IL13,rs848,3,9,15,20.83,36.84,27.78,-0.0021,0.0001,0.991394,-0.1415,0.887444,-0.0391,0.846359,0.1781,0.729926
SLC6A12,rs499368,15,11,1,30.0,33.33,12.0,0.0013,0.0,0.994782,0.1684,0.866261,0.0399,0.843468,0.0,1.0
IL2RA,rs3118470,10,12,5,23.5,33.94,33.33,0.0004,0.0,0.998377,0.544,0.58647,0.1227,0.541936,0.1644,0.74117
ALPL,rs1256335,0,0,27,,,30.95,0.0,0.0,1.0,,1.0,0.0,1.0,,1.0
SLC23A1,rs33972313,27,0,0,30.95,,,0.0,0.0,1.0,,1.0,0.0,1.0,,1.0
KCNK9,rs4645543,27,0,0,30.95,,,0.0,0.0,1.0,,1.0,0.0,1.0,,1.0
FUT2,rs602662,27,0,0,30.95,,,0.0,0.0,1.0,,1.0,0.0,1.0,,1.0
TCN1,rs34324219,27,0,0,30.95,,,0.0,0.0,1.0,,1.0,0.0,1.0,,1.0
SLC39A8,rs13107325,27,0,0,30.95,,,0.0,0.0,1.0,,1.0,0.0,1.0,,1.0
TCF4,rs784257,0,0,27,,,30.95,0.0,0.0,1.0,,1.0,0.0,1.0,,1.0
PHB2,rs2110073,27,0,0,30.95,,,0.0,0.0,1.0,,1.0,0.0,1.0,,1.0
ALPL,rs1772719,27,0,0,30.95,,,0.0,0.0,1.0,,1.0,0.0,1.0,,1.0
DMGDH,rs16876394,27,0,0,30.95,,,0.0,0.0,1.0,,1.0,0.0,1.0,,1.0
HERC2,rs12913832,27,0,0,30.95,,,0.0,0.0,1.0,,1.0,0.0,1.0,,1.0
SLC45A2,rs16891982,27,0,0,30.95,,,0.0,0.0,1.0,,1.0,0.0,1.0,,1.0
IRF4,rs12203592,27,0,0,30.95,,,0.0,0.0,1.0,,1.0,0.0,1.0,,1.0
CYP1A1/2,rs2472297,27,0,0,30.95,,,0.0,0.0,1.0,,1.0,0.0,1.0,,1.0
FGF21,rs838133,0,0,27,,,30.95,0.0,0.0,1.0,,1.0,0.0,1.0,,1.0
MCM6,rs4988235,27,0,0,30.95,,,0.0,0.0,1.0,,1.0,0.0,1.0,,1.0
SNX8,rs144787122,27,0,0,30.95,,,0.0,0.0,1.0,,1.0,0.0,1.0,,1.0
