Gene,SNP_ID,Fisher_MC_p,KW_stat,KW_p,Gtest_stat,Gtest_p,mean_SR,mean_MR,mean_SF,median_SR,median_MR,median_SF,SR_dose0,SR_dose1,SR_dose2,MR_dose0,MR_dose1,MR_dose2,SF_dose0,SF_dose1,SF_dose2,SR_vs_SF_U,SR_vs_SF_p,SR_vs_SF_p_adj,SR_vs_MR_U,SR_vs_MR_p,SR_vs_MR_p_adj,MR_vs_SF_U,MR_vs_SF_p,MR_vs_SF_p_adj
ZEB2,rs10427255,0.0008999100089991,3.387058080808081,0.1838694948017521,17.40066191187224,0.0016154027835238,0.8333333333333334,1.0,1.3,1.0,1.0,1.5,1,5,0,0,11,0,2,3,5,18.5,0.1932970437022213,0.579891131106664,27.5,0.2183546905659017,0.6550640716977052,38.5,0.1752653172857005,0.5257959518571015
TGFA,rs3771501,0.0182981701829817,0.6204545454545093,0.733280282675145,13.422827818524572,0.0093843454834434,1.0,0.9090909090909092,1.1,1.0,1.0,1.0,0,6,0,4,4,3,0,9,1,27.0,0.5186050164287256,1.0,36.0,0.7761198241428846,1.0,46.5,0.5155558805730891,1.0
FAM185A,rs3972456,0.0197980201979802,4.957383357383352,0.0838528603417669,13.046796323246507,0.0110493879406886,1.8333333333333333,1.0,1.1,2.0,1.0,1.5,0,1,5,2,7,2,4,1,5,42.0,0.1473756186230467,0.4421268558691401,55.5,0.0150541168053034,0.0451623504159102,50.5,0.7648003915420281,1.0
MPP7,rs1937810,0.0273972602739726,9.358874458874457,0.0092842373125891,13.411589749369329,0.0094303482996388,1.6666666666666667,0.5454545454545454,1.1,2.0,1.0,1.0,0,2,4,5,6,0,2,5,3,43.0,0.1376008721566933,0.4128026164700801,60.0,0.0040856314482405,0.0122568943447216,32.0,0.0798387196458526,0.2395161589375578
MPPED2-DCDC1,rs963837,0.0375962403759624,7.768186409550044,0.0205664698849985,12.274375616544734,0.0154234072242,0.3333333333333333,1.2727272727272727,0.9,0.0,1.0,1.0,4,2,0,0,8,3,3,5,2,17.0,0.1376008721566933,0.4128026164700801,8.0,0.0053212300538257,0.0159636901614773,71.0,0.2069598657445783,0.6208795972337351
DEF8,rs4268748,0.0484951504849515,5.524999999999971,0.0631337365607993,6.619647134425852,0.0365226169724298,0.0,0.0,0.3,0.0,0.0,0.0,6,0,0,11,0,0,7,3,0,21.0,0.1734854683214785,0.5204564049644355,33.0,1.0,1.0,38.5,0.0633355817511773,0.190006745253532
EDAR,rs365060,0.0523947605239476,5.524999999999971,0.0631337365607993,6.619647134425851,0.0365226169724298,2.0,2.0,1.7,2.0,2.0,2.0,0,0,6,0,0,11,0,3,7,39.0,0.1734854683214785,0.5204564049644355,33.0,1.0,1.0,71.5,0.0633355817511773,0.190006745253532
MSRB3,rs10878269,0.0537946205379462,6.266417112299438,0.04357775103874,7.033806693244146,0.029691236423765,0.3333333333333333,0.6363636363636364,0.1,0.0,1.0,0.0,4,2,0,4,7,0,9,1,0,37.0,0.2979530616081678,0.8938591848245034,23.0,0.2702479123230474,0.8107437369691424,84.5,0.0153040934025815,0.0459122802077447
GRM8,rs2237781,0.0554944505549445,5.200000000000006,0.0742735782143336,7.505731389390463,0.0234504476505764,0.3333333333333333,0.0,0.4,0.0,0.0,0.0,4,2,0,11,0,0,6,4,0,28.0,0.8464505968765906,1.0,44.0,0.0590582290905367,0.1771746872716101,33.0,0.0261836480970687,0.0785509442912062
PKD2L1,rs603424,0.0571942805719428,6.577075098814213,0.0373083711683344,8.231502916703118,0.0163136767535636,0.0,0.3636363636363636,0.0,0.0,0.0,0.0,6,0,0,7,4,0,10,0,0,30.0,1.0,1.0,21.0,0.1163188027381428,0.3489564082144285,75.0,0.0437328876167147,0.1311986628501441
ZPR1,rs964184,0.05999400059994,0.8934545454545385,0.6397183531275494,9.780564567785865,0.0442907972106649,1.5,1.3636363636363635,1.5,1.5,1.0,2.0,0,3,3,0,7,4,2,1,7,27.0,0.752784132649847,1.0,37.5,0.6377893429524546,1.0,43.5,0.3870536568672875,1.0
SLC39A11,rs891684,0.0915908409159084,4.8809090909090775,0.0871212418959915,5.337999686996556,0.0693215230212498,0.8333333333333334,0.2727272727272727,0.4,1.0,0.0,0.0,1,5,0,8,3,0,6,4,0,43.0,0.1152906170713936,0.3458718512141809,51.5,0.0367138563627041,0.1101415690881122,48.0,0.5755137883618967,1.0
TF,rs8177240,0.1020897910208979,4.2812770562770455,0.1175797410737815,9.12127456609916,0.0581386524321363,1.5,1.0909090909090908,0.9,1.5,1.0,1.0,0,3,3,2,6,3,1,9,0,46.5,0.0219306070681304,0.0657918212043914,43.5,0.2637718221707699,0.7913154665123097,64.0,0.4512059583984159,1.0
BHMT,rs567754,0.1021897810218978,5.574242424242412,0.0615982873172112,9.606311499035687,0.0476080275865919,0.3333333333333333,1.181818181818182,1.2,0.0,1.0,1.0,4,2,0,3,3,5,1,6,3,10.0,0.0211040205559799,0.0633120616679399,15.0,0.0611508975760677,0.1834526927282031,56.0,0.9697324406533804,1.0
ZNF621-CTNNB1,rs430727,0.1038896110388961,0.7779740259740374,0.677743071814888,9.74598968680044,0.0449308721456756,0.3333333333333333,0.7272727272727273,0.4,0.0,0.0,0.0,4,2,0,7,0,4,8,0,2,32.0,0.8303242576557953,1.0,28.0,0.5932387544335267,1.0,64.0,0.4448117177370699,1.0
ADH1B,rs1229984,0.1043895610438956,0.9778701298701172,0.6132791490223595,8.37533047495461,0.0787575211303175,0.5,0.5454545454545454,0.7,0.5,0.0,1.0,3,3,0,7,2,2,3,7,0,24.0,0.4776750239859036,1.0,34.5,0.9089350821953588,1.0,43.5,0.390674346023568,1.0
CPLX3-ULK3,rs6495122,0.1304869513048695,4.377392344497584,0.1120627639487366,6.061543675154634,0.048278360688904,0.0,0.2727272727272727,0.5,0.0,0.0,0.5,6,0,0,8,3,0,5,5,0,15.0,0.050561875401775,0.1516856262053252,24.0,0.1965119202345007,0.5895357607035021,42.5,0.3156243007353211,0.9468729022059632
ACTN3,rs1815739,0.133986601339866,5.7294697783419535,0.0569982399798398,8.626214468353599,0.0711524583384202,1.3333333333333333,1.0909090909090908,0.5,1.5,1.0,0.5,1,2,3,2,6,3,5,5,0,47.5,0.0468118915807632,0.1404356747422897,39.5,0.5128843904902023,1.0,80.0,0.0564788495475345,0.1694365486426037
TRPV1,rs8065080,0.1403859614038596,2.312736892736896,0.3146266924222035,7.22473300259913,0.1244781058511224,0.8333333333333334,1.4545454545454546,1.2,0.5,2.0,1.0,3,1,2,2,2,7,1,6,3,22.5,0.4165837178568775,1.0,21.0,0.2027972726396203,0.608391817918861,68.5,0.3166448387448559,0.9499345162345678
CMIP,rs2925979,0.1462853714628537,0.4445228037955125,0.8007060308997505,8.038968147903795,0.0901611260700504,1.1666666666666667,1.2727272727272727,1.3,1.0,1.0,1.5,0,5,1,0,8,3,2,3,5,25.0,0.5906786252963061,1.0,29.5,0.6820456589350077,1.0,50.5,0.7531142793305274,1.0
SSPN-ITPR2,rs10842707,0.1516848315168483,4.126826156299832,0.1270197010533697,6.3988352800059385,0.1712772344037544,1.1666666666666667,1.0,1.5,1.0,1.0,1.5,1,3,2,1,9,1,0,5,5,22.5,0.3942069504679317,1.0,38.0,0.5728590840335079,1.0,30.0,0.036674697606705,0.110024092820115
P2RX7,rs7958311,0.1566843315668433,5.755061817117124,0.0562735359478668,8.950825437309817,0.0623404327191648,0.8333333333333334,1.3636363636363635,0.8,1.0,1.0,1.0,1,5,0,0,7,4,3,6,1,31.5,0.893929766752772,1.0,17.5,0.0589588111688834,0.1768764335066504,80.0,0.0460728237849826,0.1382184713549478
NPR3-C5orf23,rs1173727,0.1623837616238376,3.879252525252523,0.143757667351996,6.648763307455521,0.1556551191469893,1.5,1.7272727272727273,1.2,2.0,2.0,1.0,1,1,4,0,3,8,1,6,3,38.5,0.3419790439598666,1.0,29.5,0.705653416011591,1.0,80.0,0.0506511081337268,0.1519533244011804
TMEM18,rs7594220,0.1748825117488251,3.5359999999999263,0.1706739956962684,4.250762327820196,0.1193874534044029,2.0,2.0,1.8,2.0,2.0,2.0,0,0,6,0,0,11,0,2,8,36.0,0.2986176744488102,0.8958530233464308,33.0,1.0,1.0,66.0,0.1463347421366685,0.4390042264100057
IL2RA,rs3118470,0.1876812318768123,3.970754604872244,0.1373287898538971,7.79789240240225,0.0992685892034151,1.3333333333333333,0.5454545454545454,0.8,1.5,1.0,1.0,1,2,3,5,6,0,4,4,2,41.0,0.227272320646642,0.6818169619399261,51.5,0.0496393097751676,0.148917929325503,46.0,0.507135052167375,1.0
COPB1,rs55665837,0.1968803119688031,2.9447426132987573,0.2293809072906164,7.797892402402252,0.0992685892034151,0.3333333333333333,0.9090909090909092,0.8,0.0,1.0,1.0,5,0,1,3,6,2,4,4,2,19.0,0.2037365398895071,0.6112096196685214,17.5,0.1018641675721393,0.3055925027164181,60.0,0.7310680666811449,1.0
HS6ST3,rs7989336,0.2022797720227977,2.267529787034434,0.3218193571439248,7.569435200138654,0.1086861840427859,0.6666666666666666,1.2727272727272727,1.0,1.0,1.0,1.0,2,4,0,2,4,5,4,2,4,24.0,0.5253727863737021,1.0,18.0,0.11614001594612,0.3484200478383601,64.0,0.5226367524590667,1.0
CHRNA4,rs2273500,0.2050794920507949,3.1598086124401727,0.2059948096837167,3.5754202286527086,0.167342927436145,0.5,0.3636363636363636,0.1,0.5,0.0,0.0,3,3,0,7,4,0,9,1,0,42.0,0.096938188428399,0.2908145652851971,37.5,0.6377893429524546,1.0,69.5,0.1819262225944934,0.5457786677834803
HECTD4,rs2074356,0.2101789821017898,3.025454545454528,0.2203083170209735,3.192774498073316,0.2026272389962584,0.5,0.2727272727272727,0.1,0.5,0.0,0.0,3,3,0,8,3,0,9,1,0,42.0,0.096938188428399,0.2908145652851971,40.5,0.3961680070391937,1.0,64.5,0.3519788416713619,1.0
REV3L,rs6900341,0.2108789121087891,5.210505050505039,0.0738844771453395,7.074375102393089,0.1320096552527122,0.3333333333333333,0.4545454545454545,1.0,0.0,0.0,1.0,4,2,0,6,5,0,2,6,2,14.0,0.0639390893075438,0.1918172679226314,29.0,0.6803812607927102,1.0,31.0,0.0646172916993586,0.1938518750980759
ALDH2,rs671,0.2120787921207879,3.834343434343401,0.1470221950050635,3.834588994940263,0.1470041446842195,0.6666666666666666,0.2727272727272727,0.2,1.0,0.0,0.0,2,4,0,8,3,0,8,2,0,44.0,0.0813611292340754,0.2440833877022263,46.0,0.1412303551793461,0.4236910655380383,59.0,0.7385969642703077,1.0
SLC24A5,rs1426654,0.2246775322467753,3.5000000000000018,0.1737739434504449,3.147436280721047,0.207273077454388,1.8333333333333333,2.0,2.0,2.0,2.0,2.0,0,1,5,0,0,11,0,0,10,25.0,0.2452781168067728,0.7358343504203184,27.5,0.2183546905659017,0.6550640716977052,55.0,1.0,1.0
L3MBTL3,rs7740107,0.2246775322467753,3.5000000000000018,0.1737739434504449,3.147436280721047,0.207273077454388,1.8333333333333333,2.0,2.0,2.0,2.0,2.0,0,1,5,0,0,11,0,0,10,25.0,0.2452781168067728,0.7358343504203184,27.5,0.2183546905659017,0.6550640716977052,55.0,1.0,1.0
TTC39B,rs686030,0.2246775322467753,3.5000000000000018,0.1737739434504449,3.147436280721047,0.207273077454388,1.8333333333333333,2.0,2.0,2.0,2.0,2.0,0,1,5,0,0,11,0,0,10,25.0,0.2452781168067728,0.7358343504203184,27.5,0.2183546905659017,0.6550640716977052,55.0,1.0,1.0
GCKR,rs1260326,0.2296770322967703,2.5446608946608893,0.2801779204791791,5.135329450590189,0.2736915649196415,0.6666666666666666,0.9090909090909092,0.5,0.5,1.0,0.0,3,2,1,2,8,1,6,3,1,33.5,0.7147479521786997,1.0,25.5,0.4233209092777923,1.0,75.5,0.1157933916154299,0.3473801748462899
C11orf49,rs747650,0.2305769423057694,3.121500721500725,0.2099784524835452,4.848635326524928,0.3031839888592202,1.1666666666666667,1.5454545454545454,1.1,1.0,2.0,1.0,1,3,2,1,3,7,1,7,2,32.0,0.8501067391385259,1.0,23.0,0.2883970977151463,0.865191293145439,77.0,0.0933915798461845,0.2801747395385536
SCARB1,rs11057830,0.2384761523847615,4.471681729576478,0.1069022017524876,5.614885563164372,0.2298139975078313,0.8333333333333334,0.2727272727272727,0.2,1.0,0.0,0.0,2,3,1,8,3,0,8,2,0,45.0,0.0652763194288131,0.1958289582864393,47.5,0.1053523861092619,0.3160571583277858,59.0,0.7385969642703077,1.0
VEGFA-MRPL14,rs998584,0.23997600239976,0.3639562289562171,0.8336195844157587,6.216167491376812,0.18357590095429,1.0,1.2727272727272727,1.1,1.0,1.0,1.5,2,2,2,1,6,4,4,1,5,28.0,0.8607562233837368,1.0,27.0,0.5486237985432201,1.0,59.0,0.7919167527711624,1.0
TAS2R16,rs6466849,0.2486751324867513,3.661363636363627,0.1603042321657929,6.184241023006652,0.1858050611250742,0.1666666666666666,0.6363636363636364,0.8,0.0,0.0,1.0,5,1,0,6,3,2,3,6,1,13.5,0.0514798524904537,0.1544395574713613,22.5,0.2352288817778397,0.7056866453335192,46.0,0.5140988168606759,1.0
POC5,rs2307111,0.2520747925207479,1.1547119681665112,0.5613807055587426,5.494836627927617,0.2401837170708241,1.1666666666666667,1.181818181818182,1.4,1.0,1.0,1.5,1,3,2,0,9,2,1,4,5,24.5,0.5525697210850116,1.0,33.5,1.0,1.0,42.0,0.3020002005411339,0.906000601623402
PKD1L2-BCO1,rs4889286,0.2573742625737426,3.009090909090901,0.2221182337228384,3.3677311479392995,0.1856549243181987,1.1666666666666667,1.5454545454545454,1.6,1.0,2.0,2.0,0,5,1,0,5,6,0,4,6,17.0,0.1152906170713936,0.3458718512141809,20.5,0.1578393595619395,0.4735180786858185,52.0,0.837452991310017,1.0
PKD1L2-BCO1,rs6564851,0.2745725427457254,1.6633122670555878,0.4353277281419574,5.105509696444718,0.2766418603972601,1.3333333333333333,1.6363636363636365,1.6,1.0,2.0,2.0,0,4,2,0,4,7,1,2,7,21.0,0.2940571914834258,0.8821715744502774,23.0,0.2702479123230474,0.8107437369691424,53.5,0.9320385634920316,1.0
PKD1L2-BCO1,rs10048138,0.2745725427457254,1.6633122670555878,0.4353277281419574,5.105509696444718,0.2766418603972601,1.3333333333333333,1.6363636363636365,1.6,1.0,2.0,2.0,0,4,2,0,4,7,1,2,7,21.0,0.2940571914834258,0.8821715744502774,23.0,0.2702479123230474,0.8107437369691424,53.5,0.9320385634920316,1.0
GC,rs2282679,0.2751724827517248,4.561067821067805,0.1022296106761173,5.348282667682406,0.2533909112023411,0.1666666666666666,0.7272727272727273,0.8,0.0,1.0,1.0,5,1,0,4,6,1,3,6,1,13.5,0.0514798524904537,0.1544395574713613,17.0,0.0785752013700596,0.2357256041101788,51.5,0.8106272472548719,1.0
PIGK-AK5,rs11162296,0.2761723827617238,4.274628639334511,0.1179712510149127,5.199556748912649,0.2674276828878079,0.8333333333333334,0.6363636363636364,0.2,1.0,1.0,0.0,2,3,1,5,5,1,8,2,0,45.0,0.0652763194288131,0.1958289582864393,38.0,0.6190020146010904,1.0,75.0,0.1073630389784729,0.3220891169354188
CTNNA2,rs4852146,0.2848715128487151,2.9389610389610348,0.2300449580264306,3.116847154540309,0.2104675957225056,1.6666666666666667,1.6363636363636365,1.3,2.0,2.0,1.0,0,2,4,0,4,7,0,7,3,41.0,0.1858767323658758,0.5576301970976276,34.0,0.9516729467336604,1.0,73.5,0.1433010497180374,0.4299031491541124
HMCN1,rs10798036,0.2858714128587141,4.375464952555837,0.1121708104364594,5.324387499138274,0.2556025968814734,1.0,1.5454545454545454,1.1,1.0,2.0,1.0,1,4,1,0,5,6,1,7,2,27.5,0.7908573841213065,1.0,18.0,0.0998608010000977,0.2995824030002934,76.5,0.0897795516769258,0.2693386550307776
CA10-KIF2B,rs9903973,0.2892710728927107,0.100104241590303,0.9511798469587592,5.84334276542797,0.2111569788256784,1.0,1.0909090909090908,1.1,1.0,1.0,1.5,1,4,1,3,4,4,4,1,5,27.5,0.8181043348855701,1.0,30.5,0.8284304771365637,1.0,54.0,0.9699357118177172,1.0
IRS1,rs2943656,0.3085691430856914,2.274999999999943,0.3206195696386798,3.4221501983643066,0.1806714484397522,1.8333333333333333,2.0,1.8,2.0,2.0,2.0,0,1,5,0,0,11,0,2,8,31.0,0.9361862934730594,1.0,27.5,0.2183546905659017,0.6550640716977052,66.0,0.1463347421366685,0.4390042264100057
AGXT2,rs37369,0.311968803119688,4.704678304786991,0.0951463399207397,6.099922496100892,0.1918092413714979,1.8333333333333333,1.0909090909090908,1.2,2.0,1.0,1.0,0,1,5,2,6,3,2,4,4,44.0,0.1000335001437062,0.3001005004311188,52.5,0.0357671787354248,0.1073015362062746,50.0,0.7310680666811449,1.0
SLC6A12,rs499368,0.3137686231376862,2.521654040404047,0.2834195358670802,4.583893260806656,0.3327154829976294,0.6666666666666666,0.2727272727272727,0.6,1.0,0.0,0.5,2,4,0,8,3,0,5,4,1,33.0,0.7609067270751141,1.0,46.0,0.1412303551793461,0.4236910655380383,41.0,0.2649679362938362,0.7949038088815086
SLC7A2,rs56335308,0.3187681231876812,3.039328063241079,0.2187853795753503,3.732821759752652,0.1546778240337888,0.0,0.0909090909090909,0.3,0.0,0.0,0.0,6,0,0,10,1,0,7,3,0,21.0,0.1734854683214785,0.5204564049644355,30.0,0.5382526579885007,1.0,43.5,0.255290505199615,0.7658715155988451
MUC1,rs4072037,0.3226677332266773,0.920500658761515,0.6311256364408449,6.079616350606005,0.1932808501280667,1.6666666666666667,1.7272727272727273,1.9,2.0,2.0,2.0,1,0,5,0,3,8,0,1,9,27.5,0.7060817412140714,1.0,35.0,0.8387752530506487,1.0,45.5,0.3519788416713619,1.0
IL2-IL21,rs7682481,0.3288671132886711,0.0700201186269314,0.9655957029788548,5.163746618246381,0.2709049182414413,1.0,0.9090909090909092,0.9,1.0,1.0,0.5,2,2,2,3,6,2,5,1,4,32.0,0.8607562233837368,1.0,35.0,0.8708835993002675,1.0,56.5,0.9403772160354532,1.0
MTNR1B,rs10830963,0.333966603339666,0.5580808080808107,0.7565093365637419,4.8326566085651415,0.3049028965103024,0.8333333333333334,1.0909090909090908,1.0,1.0,1.0,1.0,2,3,1,3,4,4,1,8,1,25.5,0.5958382061267694,1.0,27.0,0.5562172321299155,1.0,59.5,0.7520436496810317,1.0
MTHFR,rs13306561,0.3344665533446655,4.712727272727242,0.094764194485785,5.945975572845603,0.2032193414025534,0.0,0.3636363636363636,0.0,0.0,0.0,0.0,6,0,0,8,2,1,10,0,0,30.0,1.0,1.0,24.0,0.1983870638151218,0.5951611914453655,70.0,0.0932853206292815,0.2798559618878445
HGFAC,rs13108218,0.3433656634336566,0.2616257816257618,0.8773819252523245,4.590587218443258,0.3319409000748993,1.0,0.8181818181818182,0.9,1.0,1.0,1.0,2,2,2,5,3,3,2,7,1,32.0,0.8559215597687727,1.0,37.0,0.7080468166695488,1.0,50.0,0.7310680666811449,1.0
EMX2OS-RAB11FIP2,rs10886142,0.3451654834516548,2.1389622315241903,0.3431865453158029,6.232440848583462,0.1824489165021369,1.1666666666666667,0.8181818181818182,1.2,1.0,1.0,1.0,0,5,1,3,7,1,2,4,4,28.0,0.8549993050026232,1.0,43.0,0.2339123459460788,0.7017370378382364,39.0,0.2312250589521673,0.6936751768565022
DLEU7,rs592333,0.3505649435056494,3.1698989898989742,0.2049581442768319,5.011920340631592,0.286076579270621,1.8333333333333333,1.4545454545454546,1.3,2.0,1.0,1.0,0,1,5,0,6,5,1,5,4,43.5,0.1085477680455264,0.3256433041365793,45.5,0.1578393595619395,0.4735180786858185,61.0,0.6608439836704989,1.0
TMEM270-ELN,rs7787362,0.3628637136286371,1.4727272727272522,0.478852033513093,4.4676482655307375,0.346400813517545,0.6666666666666666,0.5454545454545454,0.3,0.5,1.0,0.0,3,2,1,5,6,0,7,3,0,37.5,0.3735204342189472,1.0,34.5,0.910203350630579,1.0,68.5,0.2860653555391277,0.8581960666173831
HMGCR,rs7703051,0.3892610738926107,1.221818181818145,0.5428571381961175,4.54171049989956,0.3376303047918769,0.5,0.3636363636363636,0.8,0.0,0.0,0.0,4,1,1,9,0,2,6,0,4,26.0,0.6563564601210008,1.0,37.0,0.6349717627881073,1.0,43.0,0.301242239508262,0.903726718524786
ARG1,rs2246012,0.396960303969603,4.006909676474886,0.1348685284705799,5.553073549729279,0.2351035126816947,0.1666666666666666,0.6363636363636364,0.9,0.0,0.0,1.0,5,1,0,6,3,2,3,5,2,13.0,0.0485950869928888,0.1457852609786664,22.5,0.2352288817778397,0.7056866453335192,43.5,0.4038500446466307,1.0
IQCH,rs28399271,0.3980601939806019,2.853959595959587,0.2400327760763457,5.2176999943537705,0.2656804957571146,1.1666666666666667,0.6363636363636364,0.9,1.0,1.0,1.0,1,3,2,4,7,0,2,7,1,36.5,0.4510358974796172,1.0,46.5,0.1370242239261189,0.4110726717783567,42.5,0.3061360394008036,0.9184081182024108
SCN9A,rs6746030,0.3981601839816018,1.6177156177156042,0.4453664694572798,4.922670872744839,0.2953243729220917,1.6666666666666667,1.9090909090909087,2.0,2.0,2.0,2.0,1,0,5,0,1,10,0,0,10,25.0,0.2452781168067728,0.7358343504203184,30.0,0.6537289989771198,1.0,50.0,0.3908282308519907,1.0
CUX2,rs79105258,0.4152584741525847,1.9204545454545576,0.3828058747526742,2.999133781855643,0.2232268207758531,0.1666666666666666,0.1818181818181818,0.0,0.0,0.0,0.0,5,1,0,9,2,0,10,0,0,35.0,0.2452781168067728,0.7358343504203184,32.5,1.0,1.0,65.0,0.1887595705411254,0.5662787116233764
FADS2-FADS3,rs174448,0.433956604339566,1.277015048443616,0.5280799827739324,4.57416473524448,0.3338438151606596,1.8333333333333333,1.7272727272727273,1.6,2.0,2.0,2.0,0,1,5,1,1,9,0,4,6,37.0,0.3807801097604444,1.0,34.0,0.9396923861369328,1.0,65.0,0.396834359655812,1.0
PLIN1,rs1052700,0.4423557644235576,3.0490909090909186,0.2177199980123641,5.22387533736114,0.2650880378125231,0.5,0.8181818181818182,0.3,0.5,1.0,0.0,3,3,0,4,5,2,7,3,0,36.0,0.4776750239859036,1.0,25.5,0.4392124965292726,1.0,76.5,0.0986748991501663,0.2960246974504991
FTO,rs9939973,0.4504549545045495,2.0377922077921844,0.3609932193115741,2.342729222102384,0.3099436999530743,0.3333333333333333,0.3636363636363636,0.1,0.0,0.0,0.0,4,2,0,7,4,0,9,1,0,37.0,0.2979530616081678,0.8938591848245034,32.0,0.9516729467336604,1.0,69.5,0.1819262225944934,0.5457786677834803
PHACTR2,rs1416208,0.4605539446055394,1.6764825286356346,0.4324704561955622,5.414630611645369,0.2473360530461869,0.3333333333333333,0.9090909090909092,0.6,0.0,1.0,0.5,4,2,0,5,2,4,5,4,1,24.0,0.4971792127647263,1.0,22.0,0.2462821509443131,0.7388464528329395,64.5,0.4936342262216843,1.0
RNF220,rs272564,0.4606539346065393,2.83336219336219,0.2425175750782919,4.440229318237214,0.3496936855725359,1.0,0.4545454545454545,0.6,1.0,0.0,0.5,1,4,1,6,5,0,5,4,1,40.0,0.2561796261420456,0.7685388784261368,48.0,0.0998608010000977,0.2995824030002934,50.0,0.7196131812774147,1.0
CCDC91,rs7977418,0.4651534846515348,1.238307296568174,0.5383999205146852,5.021248982795606,0.2851241578586719,1.1666666666666667,0.9090909090909092,0.8,1.0,1.0,1.0,1,3,2,3,6,2,2,8,0,39.0,0.2597048430863433,0.77911452925903,39.5,0.5076317751157422,1.0,59.0,0.7668400129687853,1.0
PPCDC,rs2120019,0.4651534846515348,0.0,1.0,3.527417690309357,0.4737216893402772,1.0,1.0,1.0,1.0,1.0,1.0,2,2,2,2,7,2,1,8,1,30.0,1.0,1.0,33.0,1.0,1.0,55.0,1.0,1.0
VEGFA,rs2010963,0.4675532446755324,0.5971291866028599,0.7418823596715122,5.10145499907785,0.2770450951694978,1.5,1.4545454545454546,1.7,1.5,2.0,2.0,0,3,3,2,2,7,0,3,7,24.0,0.4776750239859036,1.0,31.5,0.9089350821953588,1.0,48.5,0.611239993325567,1.0
HNF4G-ZFHX4,rs4735692,0.4757524247575243,2.595975232198145,0.2730807838316564,3.978807392633376,0.4088815549934997,1.1666666666666667,1.0909090909090908,0.6,1.0,1.0,0.0,1,3,2,3,4,4,6,2,2,42.0,0.1820088167227666,0.5460264501682998,34.5,0.9144971189020812,1.0,73.0,0.188114471065957,0.5643434131978711
LIPC,rs1077835,0.47995200479952,1.6838786107328143,0.4308741161809291,5.071396791514593,0.2800498796874757,0.6666666666666666,1.0,0.6,0.5,1.0,1.0,3,2,1,3,5,3,4,6,0,30.0,1.0,1.0,25.0,0.4206700893420293,1.0,71.0,0.2275579610823441,0.6826738832470325
UCP3,rs1685356,0.4984501549845015,2.8628790579592804,0.2389646779493635,3.3572193189260404,0.4999177053843318,1.1666666666666667,1.5454545454545454,1.0,1.0,2.0,1.0,1,3,2,1,3,7,3,4,3,33.5,0.7277235466695502,1.0,23.0,0.2883970977151463,0.865191293145439,76.0,0.1174030034187188,0.3522090102561566
FTO,rs1421085,0.5081491850814919,2.161038961038931,0.3394191581985614,2.275141749058083,0.3205968466829198,0.1666666666666666,0.3636363636363636,0.1,0.0,0.0,0.0,5,1,0,7,4,0,9,1,0,32.0,0.776814004155482,1.0,26.5,0.4456005328976766,1.0,69.5,0.1819262225944934,0.5457786677834803
TRIB1,rs17321515,0.5087491250874913,0.4051948051948026,0.8166069390873785,3.714540059703503,0.4460146874975184,1.1666666666666667,1.0,1.2,1.5,1.0,1.0,2,1,3,3,5,3,1,6,3,30.5,1.0,1.0,37.0,0.7092006104773181,1.0,47.0,0.5616250213878639,1.0
HNF1A,rs7310409,0.5357464253574643,1.699591081267213,0.4275023298692575,3.342837759032495,0.5021737354020871,0.6666666666666666,0.6363636363636364,1.0,0.5,0.0,1.0,3,2,1,6,3,2,2,6,2,22.0,0.3750958093399889,1.0,34.0,0.9558398027185246,1.0,39.0,0.239491094278083,0.718473282834249
KCNK3,rs1275988,0.5368463153684632,0.3272727272727227,0.849050711464688,4.811324237987182,0.3072103019188941,0.3333333333333333,0.1818181818181818,0.1,0.0,0.0,0.0,5,0,1,9,2,0,9,1,0,32.5,0.7060817412140714,1.0,33.5,1.0,1.0,59.5,0.6424993873606966,1.0
TRHR,rs16892496,0.5398460153984601,1.399087886084781,0.4968118266239809,3.5760971216195983,0.4664023290566239,1.1666666666666667,0.8181818181818182,1.2,1.0,1.0,1.5,1,3,2,4,5,2,3,2,5,28.5,0.9076115119079284,1.0,41.5,0.3860187776497145,1.0,41.0,0.3138561712276548,0.9415685136829646
ANKK1,rs1800497,0.5400459954004599,2.3827933009751017,0.3037966698637912,3.2911002232904853,0.5103435838644423,0.5,0.5454545454545454,1.0,0.0,0.0,1.0,4,1,1,6,4,1,3,4,3,19.5,0.2458380889809269,0.7375142669427809,30.5,0.8190525446508772,1.0,37.5,0.197018946471816,0.5910568394154482
AHR,rs6968865,0.5413458654134586,1.5169786096256757,0.4683734623533693,4.287699459506624,0.3684679106278866,0.5,0.7272727272727273,0.9,0.5,1.0,1.0,3,3,0,5,4,2,2,7,1,19.5,0.2036278270936058,0.6108834812808175,28.5,0.6584793977579804,1.0,46.0,0.5081480549481381,1.0
KCNJ2-CASC17,rs8066985,0.5483451654834517,0.0288510101010226,0.9856780440335438,3.962305187099325,0.4111313243930782,1.3333333333333333,1.3636363636363635,1.4,1.5,1.0,1.0,1,2,3,0,7,4,0,6,4,30.0,1.0,1.0,34.0,0.9547504190637938,1.0,53.0,0.9001781506154863,1.0
OR7G3,rs10414255,0.5505449455054494,2.1756709956709943,0.3369450232025041,3.347639919355998,0.5014196953936474,1.1666666666666667,0.7272727272727273,0.6,1.0,1.0,0.0,1,3,2,5,4,2,6,2,2,42.0,0.1820088167227666,0.5460264501682998,43.5,0.2829665740228136,0.848899722068441,61.0,0.6703641437439967,1.0
SERINC2,rs4949402,0.5509449055094491,0.905347593582892,0.6359255407479343,4.287699459506623,0.3684679106278867,0.6666666666666666,0.4545454545454545,0.7,1.0,0.0,0.5,2,4,0,7,3,1,5,3,2,31.0,0.9526403730565134,1.0,41.0,0.3946940289182316,1.0,46.0,0.5003959744076278,1.0
DGKB-TMEM195,rs1974620,0.5542445755424458,2.6119318181818167,0.2709107334874018,3.904297113625064,0.4191127395067805,1.5,1.7272727272727273,1.3,1.5,2.0,1.0,0,3,3,0,3,8,1,5,4,34.5,0.6263543610340876,1.0,25.5,0.3961680070391937,1.0,74.5,0.1247876561728598,0.3743629685185795
MC4R,rs12970134,0.5553444655534446,1.1389610389610236,0.5658192944677819,1.1943037082714612,0.5503769597625467,0.5,0.3636363636363636,0.6,0.5,0.0,1.0,3,3,0,7,4,0,4,6,0,27.0,0.752784132649847,1.0,37.5,0.6377893429524546,1.0,42.0,0.3094415469063022,0.9283246407189066
AGTR2,rs11091046,0.5557444255574443,1.5715367965367983,0.4557693548168445,4.255693268801188,0.3725061084242478,1.1666666666666667,1.6363636363636365,1.4,1.5,2.0,2.0,2,1,3,2,0,9,2,2,6,26.0,0.6718143212349463,1.0,23.5,0.2571721735643106,0.771516520692932,65.0,0.3990358016164843,1.0
TIMP2-LGALS3BP,rs4789932,0.5563443655634437,1.507825099736859,0.4705220058411361,3.591601106790981,0.464087547590193,1.3333333333333333,1.2727272727272727,0.9,1.5,1.0,1.0,1,2,3,1,6,4,4,3,3,38.5,0.3576065605847907,1.0,35.5,0.8250871561131576,1.0,69.0,0.3088677127447209,0.9266031382341628
BDNF,rs6265,0.5649435056494351,1.849428145723147,0.3966448143795701,3.694233914208618,0.4489651241171438,0.8333333333333334,1.0,1.4,0.5,1.0,1.5,3,1,2,4,3,4,1,4,5,19.5,0.2458380889809269,0.7375142669427809,29.5,0.7473741340464267,1.0,41.0,0.3088677127447209,0.9266031382341628
CA1,rs1532423,0.56994300569943,1.505723905723899,0.4710165946132054,2.8781069715908587,0.5784267057672664,0.8333333333333334,0.9090909090909092,0.6,1.0,1.0,0.5,2,3,1,2,8,1,5,4,1,35.5,0.5525697210850116,1.0,30.5,0.8123469858125787,1.0,70.5,0.2308840851441649,0.6926522554324948
CASC17,rs6501455,0.5786421357864213,2.3409454545454538,0.310220257021349,3.45174110418238,0.4852540521431945,0.8333333333333334,0.3636363636363636,0.7,1.0,0.0,1.0,2,3,1,7,4,0,4,5,1,33.0,0.7650871933583798,1.0,45.0,0.1918674487062429,0.5756023461187288,40.0,0.2473950105694365,0.7421850317083097
PDXDC1,rs72789541,0.5806419358064193,1.000168350168354,0.6064796070920058,4.027236066537592,0.4023323977581488,0.8333333333333334,0.6363636363636364,0.9,1.0,1.0,1.0,1,5,0,5,5,1,3,5,2,29.0,0.949771219363484,1.0,40.0,0.4521211962750834,1.0,44.0,0.4186278568538568,1.0
BCAS1-CYP24A1,rs6123359,0.5847415258474152,1.838383838383839,0.3988412068237136,4.053023032394821,0.398877520758062,0.6666666666666666,0.9090909090909092,0.5,0.5,1.0,0.5,3,2,1,3,6,2,5,5,0,32.5,0.8076705648908361,1.0,26.5,0.5128843904902023,1.0,72.5,0.1812956617013447,0.5438869851040341
UST,rs13211840,0.5855414458554145,1.7000000000000652,0.4274149319487127,2.0525113192877376,0.3583462218994367,0.0,0.0,0.1,0.0,0.0,0.0,6,0,0,11,0,0,9,1,0,27.0,0.5186050164287256,1.0,33.0,1.0,1.0,49.5,0.3403557423852016,1.0
PHLDA3,rs192314256,0.5855414458554145,1.7000000000000652,0.4274149319487127,2.0525113192877376,0.3583462218994367,0.0,0.0,0.1,0.0,0.0,0.0,6,0,0,11,0,0,9,1,0,27.0,0.5186050164287256,1.0,33.0,1.0,1.0,49.5,0.3403557423852016,1.0
BPESC1,rs646315,0.5855414458554145,1.7000000000000652,0.4274149319487127,2.0525113192877376,0.3583462218994367,0.0,0.0,0.1,0.0,0.0,0.0,6,0,0,11,0,0,9,1,0,27.0,0.5186050164287256,1.0,33.0,1.0,1.0,49.5,0.3403557423852016,1.0
AGT,rs699,0.5906409359064093,1.470707070707074,0.4793359668054349,1.58954129393988,0.4516848183252695,1.8333333333333333,1.5454545454545454,1.7,2.0,2.0,2.0,0,1,5,0,5,6,0,3,7,34.0,0.6134313729551664,1.0,42.5,0.2753128865219626,0.8259386595658879,46.5,0.5034995554324831,1.0
PRDM8-FGF5,rs12509595,0.5952404759524048,2.3478359683794534,0.3091533075479517,4.235387123306298,0.3750859511280713,0.5,0.5454545454545454,1.0,0.5,0.0,1.0,3,3,0,6,4,1,3,4,3,19.5,0.2422382039406508,0.7267146118219526,33.0,1.0,1.0,37.5,0.197018946471816,0.5910568394154482
VAMP3,rs11121022,0.6026397360263973,1.4275826446281052,0.4897837448608164,1.4849963438745082,0.4759234904887175,0.6666666666666666,0.4545454545454545,0.7,1.0,0.0,1.0,2,4,0,6,5,0,3,7,0,29.0,0.9462473586638032,1.0,40.0,0.4506471851015577,1.0,41.5,0.2860653555391277,0.8581960666173831
TAT-MARVELD3,rs4788815,0.607039296070393,1.3011750154607222,0.5217391609099775,3.439826142060244,0.4870866963879247,1.1666666666666667,1.5454545454545454,1.5,1.0,2.0,1.5,1,3,2,0,5,6,0,5,5,22.5,0.3942069504679317,1.0,23.5,0.3100875052000144,0.9302625156000432,57.5,0.8708151777521989,1.0
EDAR,rs3827760,0.6106389361063893,1.2054808959156655,0.5473097052882274,3.535484830629822,0.4725033510327766,1.6666666666666667,1.7272727272727273,1.9,2.0,2.0,2.0,0,2,4,1,1,9,0,1,9,23.0,0.2979530616081678,0.8938591848245034,29.0,0.6349717627881073,1.0,50.0,0.6024664913344515,1.0
PLCE1,rs2274224,0.6145385461453855,0.6111399711399655,0.7367033444218101,3.1831950985032726,0.5276494958601698,0.8333333333333334,1.0909090909090908,0.9,1.0,1.0,1.0,2,3,1,3,4,4,2,7,1,28.0,0.8501067391385259,1.0,27.0,0.5562172321299155,1.0,63.0,0.5623903195872546,1.0
TGFA,rs3821269,0.6231376862313769,1.8834680134680115,0.3899510709880806,3.3254419765480145,0.5049113243903371,0.6666666666666666,0.7272727272727273,1.0,1.0,1.0,1.0,2,4,0,4,6,1,1,8,1,21.0,0.2234538557990489,0.6703615673971469,32.0,0.9538783201840254,1.0,41.5,0.2707548580912174,0.8122645742736524
SMAD5,rs7711696,0.6248375162483751,2.676269800275481,0.2623344926118435,4.16087684429799,0.3846711404207117,0.3333333333333333,0.9090909090909092,0.9,0.0,1.0,1.0,4,2,0,4,4,3,3,5,2,17.0,0.1376008721566933,0.4128026164700801,20.0,0.1728083115638898,0.5184249346916696,55.0,1.0,1.0
chr20p11,rs1160312,0.6328367163283671,0.2511246855910811,0.8820007763189298,2.780255979162092,0.5952456669943709,1.0,1.181818181818182,1.1,1.0,1.0,1.0,2,2,2,1,7,3,1,7,2,28.0,0.8559215597687727,1.0,29.0,0.6982941528723372,1.0,59.0,0.7668400129687853,1.0
KCTD17-TMPRSS6,rs760719,0.6340365963403659,1.6545454545454277,0.4372401347940245,3.303015185412621,0.5084546702266985,1.0,1.181818181818182,0.8,1.0,1.0,1.0,1,4,1,1,7,3,4,4,2,35.0,0.5946005327233161,1.0,28.0,0.5932387544335267,1.0,71.0,0.2312250589521673,0.6936751768565022
PKD1L2,rs8044334,0.64003599640036,2.015178309409883,0.3650981144881259,4.538103847172182,0.3380532294426293,0.6666666666666666,0.6363636363636364,1.0,1.0,1.0,1.0,2,4,0,4,7,0,2,6,2,22.0,0.3447042220069576,1.0,34.0,0.9516729467336604,1.0,39.0,0.2045859888346932,0.6137579665040798
CYP2A6,rs12459249,0.654934506549345,0.3967421248053526,0.8200655011993154,2.3911578960065967,0.6642257657594979,0.8333333333333334,1.0,1.0,1.0,1.0,1.0,2,3,1,1,9,1,2,6,2,26.0,0.6718143212349463,1.0,28.0,0.5728590840335079,1.0,55.0,1.0,1.0
LYZL4-VIPR1,rs11718502,0.6573342665733427,2.480340198522024,0.2893349980836799,2.749947014192802,0.6005032504452232,1.1666666666666667,0.9090909090909092,0.6,1.0,1.0,0.5,1,3,2,3,6,2,5,4,1,42.5,0.1605295351439231,0.4815886054317693,39.5,0.5076317751157422,1.0,68.5,0.3166448387448559,0.9499345162345678
ACO1,rs10970305,0.6574342565743425,0.9905502392344336,0.6094032254489679,1.0575194397727552,0.5893354576282233,1.8333333333333333,1.7272727272727273,1.6,2.0,2.0,2.0,0,1,5,0,3,8,0,4,6,37.0,0.3807801097604444,1.0,36.5,0.6820456589350077,1.0,62.0,0.5755137883618967,1.0
IL13,rs848,0.678932106789321,1.7333333333333272,0.4203503845086833,2.256518897883529,0.6886962486836901,1.1666666666666667,1.4545454545454546,1.6,1.0,2.0,2.0,1,3,2,1,4,6,1,2,7,19.5,0.2231138618598632,0.6693415855795898,25.5,0.4392124965292726,1.0,47.5,0.5667033895485569,1.0
OR51B5,rs317787,0.6813318668133187,0.3111495911495897,0.8559230552777912,2.806486710258314,0.590713510968487,1.0,0.8181818181818182,0.9,1.0,1.0,1.0,1,4,1,5,3,3,3,5,2,32.5,0.8087096416519634,1.0,38.0,0.6289852920275374,1.0,51.0,0.79251918714859,1.0
FTO,rs9939609,0.6864313568643136,1.5363636363636377,0.4638556760285042,2.150082150505058,0.3412837366974179,0.1666666666666666,0.0909090909090909,0.0,0.0,0.0,0.0,5,1,0,10,1,0,10,0,0,35.0,0.2452781168067728,0.7358343504203184,35.5,0.719166283306752,1.0,60.0,0.3908282308519907,1.0
FOXP2,rs8180817,0.6868313168683132,0.1493100649350602,0.9280635829180875,3.5476799539634096,0.4706656340738455,1.3333333333333333,1.3636363636363635,1.4,1.0,2.0,1.5,0,4,2,2,3,6,1,4,5,27.0,0.7609067270751141,1.0,30.0,0.7823495502189558,1.0,55.0,1.0,1.0
CYP2A6,rs7247903,0.6988301169883012,0.5748607743492672,0.750188787714408,2.437251007358717,0.6559060990146242,0.8333333333333334,0.6363636363636364,0.6,1.0,1.0,0.0,2,3,1,5,5,1,6,2,2,36.0,0.5154056988690396,1.0,38.0,0.6190020146010904,1.0,59.0,0.7852570955409328,1.0
MIR572-RAB28,rs1913707,0.708929107089291,1.0810651974288352,0.5824379640408646,2.288525088588964,0.6828590202594949,1.0,0.6363636363636364,0.6,1.0,0.0,0.0,2,2,2,7,1,3,6,2,2,38.0,0.376759117811582,1.0,41.0,0.4061864684121447,1.0,55.0,1.0,1.0
SCNN1B,rs239345,0.7095290470952905,0.341279461279467,0.8431252709638792,3.263150357379485,0.5147918758679588,0.3333333333333333,0.4545454545454545,0.4,0.0,0.0,0.0,4,2,0,6,5,0,7,2,1,30.0,1.0,1.0,29.0,0.6803812607927102,1.0,61.0,0.6497226287855105,1.0
CDKAL1,rs9358356,0.7266273372662734,2.1336742424242416,0.3440951292874733,2.397082481607935,0.6631545739672596,1.3333333333333333,0.8181818181818182,1.2,1.5,1.0,1.0,1,2,3,4,5,2,2,4,4,33.0,0.7700169896399772,1.0,45.0,0.2185338316060632,0.6556014948181896,40.0,0.2754722272248838,0.8264166816746515
GRB14,rs13027837,0.7352264773522648,2.599243522178301,0.2726348946598758,3.465776711945018,0.4831011146111215,0.3333333333333333,0.8181818181818182,0.9,0.0,1.0,1.0,4,2,0,4,5,2,3,5,2,17.0,0.1376008721566933,0.4128026164700801,21.0,0.2038037344168072,0.6114112032504216,51.5,0.8187626378091213,1.0
SOX2,rs1345417,0.7515248475152485,0.204545454545447,0.9027833044627522,2.879998768903956,0.5781039411945919,0.5,0.4545454545454545,0.5,0.5,0.0,0.5,3,3,0,7,3,1,5,5,0,30.0,1.0,1.0,36.0,0.7724391107503106,1.0,50.0,0.716194860779074,1.0
CYP4F2,rs2108622,0.7522247775222478,0.6380273321449763,0.7268656158402675,1.998255872890269,0.7360796965554339,0.5,0.5454545454545454,0.7,0.0,0.0,1.0,4,1,1,6,4,1,4,5,1,24.0,0.5109393498748492,1.0,30.5,0.8190525446508772,1.0,47.5,0.5848931305821707,1.0
CYP2A6,rs11878604,0.7612238776122388,0.8396618357488026,0.6571579240805769,1.878127215318237,0.7581618243217848,1.0,0.6363636363636364,0.7,1.0,1.0,1.0,2,2,2,5,5,1,4,5,1,36.0,0.5201099817428619,1.0,41.0,0.4157358716878114,1.0,52.0,0.8453226555381805,1.0
LINGO2,rs2150864,0.7632236776322368,2.0853823953823847,0.3525047443430411,2.445590877847424,0.6544043617479778,0.8333333333333334,1.2727272727272727,0.9,1.0,1.0,1.0,2,3,1,1,6,4,3,5,2,28.5,0.9058596859817148,1.0,22.0,0.2448811882354936,0.734643564706481,70.5,0.2456992508184206,0.7370977524552618
chr20p11,rs2180439,0.7734226577342266,2.3461060606060595,0.3094208265820362,2.795988812660878,0.5925253142770118,1.6666666666666667,1.2727272727272727,1.2,2.0,1.0,1.0,0,2,4,1,6,4,1,6,3,42.0,0.1615925615094054,0.4847776845282164,44.0,0.2363293466958295,0.7089880400874885,58.5,0.8106272472548719,1.0
DLC1-SGCZ,rs10888073,0.7751224877512248,0.075076855511645,0.9631574050320898,2.960433633513604,0.5644684233756538,0.6666666666666666,0.7272727272727273,0.8,1.0,1.0,1.0,2,4,0,5,4,2,4,4,2,28.0,0.8577144806607083,1.0,33.0,1.0,1.0,52.0,0.8495290847950122,1.0
GPX7,rs1097234,0.776022397760224,0.5573347107438014,0.7567916040109325,0.5769429944293165,0.7494081650631549,0.3333333333333333,0.3636363636363636,0.5,0.0,0.0,0.5,4,2,0,7,4,0,5,5,0,25.0,0.5707503880581739,1.0,32.0,0.9516729467336604,1.0,47.5,0.5656789148815835,1.0
RBFOX1,rs3095508,0.7763223677632237,0.6228877005347608,0.7323887327823753,0.6385839727936525,0.726663342516011,1.5,1.6363636363636365,1.7,1.5,2.0,2.0,0,3,3,0,4,7,0,3,7,24.0,0.4776750239859036,1.0,28.5,0.6377893429524546,1.0,51.5,0.7960686647294944,1.0
ESR1,rs6902771,0.7807219278072193,1.7182878787878837,0.4235244898056534,2.7959888126608794,0.5925253142770115,0.3333333333333333,0.7272727272727273,0.5,0.0,1.0,0.0,4,2,0,4,6,1,6,3,1,27.0,0.7506208241656308,1.0,22.0,0.2363293466958295,0.7089880400874885,66.5,0.390674346023568,1.0
SNX13,rs4142995,0.7855214478552145,1.6826064660775426,0.4311482704646597,3.124958176701609,0.5371360285376487,1.3333333333333333,0.9090909090909092,1.0,1.0,1.0,1.0,0,4,2,3,6,2,2,6,2,38.0,0.3447042220069576,1.0,44.0,0.232324472100025,0.6969734163000751,51.0,0.782200482156119,1.0
FADS1,rs174550,0.787921207879212,0.6531100478469036,0.7214046794406592,2.812011412461494,0.589761113165138,0.5,0.5454545454545454,0.3,0.0,0.0,0.0,4,1,1,6,4,1,7,3,0,32.5,0.7897258209280502,1.0,30.5,0.8190525446508772,1.0,65.0,0.4327839211215991,1.0
MEPE-SPP1,rs6532023,0.7896210378962104,1.4259540970538347,0.4901827253432508,2.070350867011212,0.7228211856132938,1.0,1.181818181818182,1.4,1.0,1.0,1.5,1,4,1,2,5,4,1,4,5,20.0,0.2561796261420456,0.7685388784261368,28.0,0.6182204734175782,1.0,46.0,0.5140988168606759,1.0
SLC2A4RG,rs4809221,0.8016198380161984,0.9610909090908994,0.6184459656261192,2.451286615121357,0.6533794006332969,0.5,0.4545454545454545,0.7,0.5,0.0,1.0,3,3,0,7,3,1,4,5,1,25.5,0.6263543610340876,1.0,36.0,0.7724391107503106,1.0,43.0,0.3658417210551457,1.0
ATXN2L,rs12928404,0.8036196380361964,1.7032624852173757,0.4267182828564629,2.034540736344943,0.7294057820716887,1.1666666666666667,1.0,0.7,1.0,1.0,1.0,1,3,2,3,5,3,4,5,1,40.5,0.2369578824848229,0.7108736474544689,37.0,0.7045013298681096,1.0,67.0,0.379749736724759,1.0
CLOCK,rs12649507,0.8055194480551945,1.5121743753322765,0.4694999026574864,1.8960977982610343,0.754861800636791,1.0,1.181818181818182,1.5,1.0,1.0,2.0,2,2,2,3,3,5,1,3,6,20.0,0.2612279374086717,0.783683812226015,29.0,0.7080468166695488,1.0,44.0,0.4164466920395152,1.0
BCO1,rs6564863,0.8126187381261873,1.0273461891643558,0.5982939476301901,1.921624948241457,0.7501714045533086,1.5,1.4545454545454546,1.2,2.0,2.0,1.0,1,1,4,2,2,7,2,4,4,37.0,0.442067794070615,1.0,34.0,0.9527942083897452,1.0,66.0,0.4164466920395152,1.0
FST,rs629725,0.813018698130187,1.4653198653198642,0.4806288479290945,2.699799205473815,0.6092497494421795,1.6666666666666667,1.7272727272727273,1.4,2.0,2.0,1.5,0,2,4,0,3,8,1,4,5,36.0,0.4971792127647263,1.0,31.0,0.8487665010168555,1.0,69.0,0.2649679362938362,0.7949038088815086
CHRNA3,rs1051730,0.8175182481751825,1.0142148760330534,0.602235064066397,1.0755921152241257,0.5840340122988426,0.1666666666666666,0.2727272727272727,0.1,0.0,0.0,0.0,5,1,0,8,3,0,9,1,0,32.0,0.776814004155482,1.0,29.5,0.6820456589350077,1.0,64.5,0.3519788416713619,1.0
HPR,rs2000999,0.8222177782221778,0.2181041181041197,0.8966837357778609,2.780484827489494,0.5952060537287428,0.6666666666666666,0.5454545454545454,0.6,1.0,1.0,0.5,2,4,0,5,6,0,5,4,1,33.0,0.7609067270751141,1.0,37.0,0.6803812607927102,1.0,54.5,1.0,1.0
NEK11,rs1389271,0.8227177282271773,1.120833599149391,0.5709710337628058,1.6535536753507487,0.7991363358994437,1.0,1.3636363636363635,1.0,1.0,2.0,1.0,2,2,2,2,3,6,4,2,4,30.0,1.0,1.0,25.0,0.4164008882781054,1.0,67.0,0.3817425875820096,1.0
WSCD2,rs1426371,0.8274172582741726,0.5127337973031678,0.7738579892468057,2.9186989172459974,0.5715218342213082,0.6666666666666666,0.8181818181818182,0.9,1.0,1.0,1.0,2,4,0,4,5,2,2,7,1,24.0,0.4633551492695965,1.0,30.0,0.7799531143059237,1.0,50.5,0.7511572479216106,1.0
ALG14,rs6675668,0.8352164783521648,0.4148539944903651,0.8126725669437724,2.40073729557664,0.66249402880603,0.3333333333333333,0.2727272727272727,0.4,0.0,0.0,0.0,4,2,0,9,1,1,7,2,1,30.0,1.0,1.0,37.0,0.6349717627881073,1.0,49.0,0.6032141108962976,1.0
SNCA1P,rs4836027,0.836016398360164,0.0063035820388748,0.9968531706597836,1.6370514698166945,0.8021179614408946,1.1666666666666667,1.181818181818182,1.2,1.5,1.0,1.0,2,1,3,2,5,4,2,4,4,30.0,1.0,1.0,33.5,1.0,1.0,54.0,0.9697324406533804,1.0
HMX3-GPR26,rs705145,0.8389161083891611,0.3102272727272646,0.8563178631064154,1.8296985414140268,0.7670445767498529,1.0,1.0909090909090908,0.9,1.0,1.0,1.0,2,2,2,2,6,3,4,3,3,32.0,0.8630539949149212,1.0,31.0,0.8708835993002675,1.0,62.5,0.5985609939038373,1.0
PPARD,rs2016520,0.8416158384161584,1.495919191919202,0.4733313553225936,2.484976100147127,0.6473280607088101,1.6666666666666667,1.5454545454545454,1.3,2.0,2.0,1.0,0,2,4,1,3,7,1,5,4,39.0,0.3008618029033998,0.9025854087101994,35.0,0.8575960408828425,1.0,67.0,0.3658417210551457,1.0
GGT1,rs3859862,0.8521147885211479,0.5402597402597533,0.7632803605801749,0.5490493143473962,0.7599332662113663,1.6666666666666667,1.6363636363636365,1.4,2.0,2.0,2.0,1,0,5,2,0,9,3,0,7,34.0,0.6134313729551664,1.0,33.5,1.0,1.0,61.5,0.5672694352671082,1.0
BCAT1,rs4963772,0.8643135686431357,0.3511688311688355,0.8389665723306354,0.3659816423201119,0.8327757996177839,0.3333333333333333,0.2727272727272727,0.2,0.0,0.0,0.0,4,2,0,8,3,0,8,2,0,34.0,0.6134313729551664,1.0,35.0,0.8487665010168555,1.0,59.0,0.7385969642703077,1.0
SLC16A1,rs1049434,0.8655134486551345,0.4287878787878653,0.8070304013264578,2.3932785416471,0.6638422834743278,1.1666666666666667,1.3636363636363635,1.4,1.0,1.0,1.0,1,3,2,1,5,5,0,6,4,25.0,0.578558139649338,1.0,28.0,0.6190020146010904,1.0,55.0,1.0,1.0
MIR196A2,rs11614913,0.9057094290570944,0.9877822261280954,0.6102472274239219,1.390754719829622,0.8458002886723309,1.1666666666666667,0.9090909090909092,1.2,1.0,1.0,1.0,1,3,2,3,6,2,2,4,4,29.0,0.9533738322938342,1.0,39.5,0.5076317751157422,1.0,43.0,0.3817425875820096,1.0
BCAS3,rs9895661,0.9095090490950904,1.1705627705627564,0.5569491224755958,1.2747385728811098,0.8656466958056317,1.1666666666666667,0.8181818181818182,1.1,1.0,1.0,1.0,1,3,2,4,5,2,2,5,3,31.5,0.9058596859817148,1.0,41.5,0.3860187776497145,1.0,43.5,0.4027836942464757,1.0
PCNX3,rs61744384,0.9095090490950904,0.0,1.0,1.1362956347972015,0.8884715709194514,1.0,1.0,1.0,1.0,1.0,1.0,2,2,2,3,5,3,2,6,2,30.0,1.0,1.0,33.0,1.0,1.0,55.0,1.0,1.0
SLC4A5,rs10177833,0.926107389261074,1.1865679077955362,0.5525098852485164,2.437251007358719,0.6559060990146237,0.5,0.8181818181818182,0.9,0.5,1.0,1.0,3,3,0,4,5,2,3,5,2,21.0,0.3096559030458566,0.92896770913757,25.5,0.4392124965292726,1.0,51.5,0.8187626378091213,1.0
CETP,rs3764261,0.9271072892710728,0.697612488521562,0.7055298174788879,2.1366988109741767,0.710633463260516,0.1666666666666666,0.1818181818181818,0.4,0.0,0.0,0.0,5,1,0,9,2,0,7,2,1,25.5,0.5667178898445695,1.0,32.5,1.0,1.0,47.5,0.5070192312062729,1.0
TAS2R38,rs10246939,0.9413058694130588,0.3851851851851838,0.824817942636027,1.4289004130479872,0.8391567532034683,0.8333333333333334,1.0,1.1,1.0,1.0,1.0,2,3,1,4,3,4,3,3,4,24.5,0.5653186374272073,1.0,29.5,0.7492304762255878,1.0,51.5,0.8224559693191273,1.0
TAS2R38,rs1726866,0.9413058694130588,0.3851851851851838,0.824817942636027,1.428900413047987,0.8391567532034683,1.1666666666666667,1.0,0.9,1.0,1.0,1.0,1,3,2,4,3,4,4,3,3,35.5,0.5653186374272073,1.0,36.5,0.7492304762255878,1.0,58.5,0.8224559693191273,1.0
CHRNB3,rs4950,0.9438056194380562,0.0959848484848333,0.9531410078153714,2.278268796052028,0.6847283164445563,1.6666666666666667,1.7272727272727273,1.6,2.0,2.0,2.0,0,2,4,0,3,8,1,2,7,30.0,1.0,1.0,31.0,0.8487665010168555,1.0,58.0,0.8235583523101314,1.0
COLEC10,rs2062377,0.9493050694930508,0.0406307977736649,0.9798895684845405,2.254886916447241,0.6889941808883129,1.5,1.4545454545454546,1.4,1.5,1.0,1.5,0,3,3,0,6,5,1,4,5,31.5,0.9031238431673468,1.0,34.5,0.9076115119079284,1.0,55.5,1.0,1.0
NEIL3-AGA,rs1395479,0.9706029397060294,0.3435531788472746,0.8421673012349802,0.777506516610995,0.9414379390838558,0.6666666666666666,0.6363636363636364,0.5,0.5,1.0,0.0,3,2,1,5,5,1,6,3,1,33.5,0.7147479521786997,1.0,33.0,1.0,1.0,62.0,0.6092667823777476,1.0
BNC2,rs10810635,0.972002799720028,0.3072186394840878,0.8576070056974557,0.7230735347701698,0.9484532970534804,1.1666666666666667,1.3636363636363635,1.2,1.5,2.0,1.5,2,1,3,3,1,7,3,2,5,29.5,1.0,1.0,29.0,0.688908644395201,1.0,61.0,0.662813885375773,1.0
TM6SF2,rs58542926,1.0,1.4545454545454015,0.4832250811898381,1.852176645433466,0.3961000996736393,0.0,0.0909090909090909,0.0,0.0,0.0,0.0,6,0,0,10,1,0,10,0,0,30.0,1.0,1.0,30.0,0.5382526579885007,1.0,60.0,0.3908282308519907,1.0
HLA-DOA,rs9276975,1.0,3.020979020979047,0.2208018666708903,3.827745911311532,0.4298195340023335,0.0,0.2727272727272727,0.0,0.0,0.0,0.0,6,0,0,9,1,1,10,0,0,30.0,1.0,1.0,27.0,0.323694962121423,0.971084886364269,65.0,0.1893131739261377,0.5679395217784133
TFR2,rs7385804,1.0,0.2870129870129606,0.8663151747457791,0.2983941692758111,0.8613993295935052,1.8333333333333333,1.7272727272727273,1.8,2.0,2.0,2.0,0,1,5,0,3,8,0,2,8,31.0,0.9361862934730594,1.0,36.5,0.6820456589350077,1.0,51.0,0.7385969642703077,1.0
NEGR1,rs2815752,1.0,0.2877470355730857,0.8659972743846049,0.3126430810367161,0.8552841376481279,1.8333333333333333,1.818181818181818,1.9,2.0,2.0,2.0,0,1,5,0,2,9,0,1,9,28.0,0.776814004155482,1.0,33.5,1.0,1.0,50.5,0.6424993873606966,1.0
CHPT1,rs2559850,1.0,0.1900402921178543,0.9093546143720465,0.2420490447872452,0.9932414394209496,1.0,0.8181818181818182,0.9,1.0,1.0,1.0,2,2,2,5,3,3,4,3,3,32.0,0.8630539949149212,1.0,37.0,0.7080468166695488,1.0,52.0,0.8508567726697569,1.0
SLC5A6,rs1395,1.0,0.0279338842975131,0.986130143067612,0.0290958276950282,0.9855573957542976,1.8333333333333333,1.818181818181818,1.8,2.0,2.0,2.0,0,1,5,0,2,9,0,2,8,31.0,0.9361862934730594,1.0,33.5,1.0,1.0,56.0,0.9587607499379828,1.0
