gene,SNP ID,P01,P02,P03,P04,P05,P06,P07,P08,P09,P10,P11,P12,P13,P14,P15,P16,P17,P18,P19,P20,P21,P22,P23,P24,P25,P26,P27
GPX7,rs1097234,1,0,1,1,1,0,1,0,0,1,0,1,0,0,1,1,0,0,0,0,1,0,0,1,0,0,0
HNF1A,rs7310409,1,1,1,0,0,0,0,2,1,2,0,1,1,0,1,2,2,0,0,0,1,0,1,2,0,1,1
GGT1,rs3859862,2,2,2,2,2,2,0,2,0,2,0,2,2,2,2,0,2,2,2,2,2,2,0,2,0,2,2
PKD1L2-BCO1,rs10048138,1,1,2,1,1,2,2,2,2,1,1,2,1,2,1,2,1,2,2,0,2,2,2,2,2,2,1
BCO1,rs6564863,2,2,1,1,2,2,1,2,2,0,2,1,0,0,2,2,2,2,0,0,1,2,1,2,1,2,2
MUC1,rs4072037,1,2,2,2,2,2,2,2,2,2,2,2,2,2,2,2,2,2,2,1,1,1,2,2,0,2,2
LYZL4-VIPR1,rs11718502,1,0,0,2,0,1,0,1,1,1,0,1,2,1,2,1,1,2,1,1,0,0,1,0,1,0,2
DLC1-SGCZ,rs10888073,1,1,0,1,1,2,2,0,1,0,0,1,0,0,1,2,1,1,2,0,0,0,0,1,1,1,0
SLC6A12,rs499368,0,2,0,0,1,0,0,1,1,0,0,0,0,1,0,1,0,1,0,1,0,0,1,1,1,0,1
DMGDH,rs16876394,0,0,0,0,0,0,0,0,0,0,0,0,0,0,0,0,0,0,0,0,0,0,0,0,0,0,0
PKD1L2,rs8044334,1,1,2,1,1,1,2,0,0,1,1,1,1,1,1,1,0,1,0,0,0,1,1,0,1,1,0
PKD1L2-BCO1,rs4889286,1,1,2,1,1,2,2,2,2,1,1,2,1,1,1,2,1,2,1,1,2,2,2,1,2,2,1
PKD1L2-BCO1,rs6564851,1,1,2,1,1,2,2,2,2,1,1,2,1,2,1,2,1,2,2,0,2,2,2,2,2,2,1
SLC5A6,rs1395,1,1,2,2,2,2,2,2,2,2,2,2,1,2,2,2,2,2,2,2,2,1,2,2,1,2,2
ALPL,rs1256335,2,2,2,2,2,2,2,2,2,2,2,2,2,2,2,2,2,2,2,2,2,2,2,2,2,2,2
ALPL,rs1772719,0,0,0,0,0,0,0,0,0,0,0,0,0,0,0,0,0,0,0,0,0,0,0,0,0,0,0
TCN1,rs34324219,0,0,0,0,0,0,0,0,0,0,0,0,0,0,0,0,0,0,0,0,0,0,0,0,0,0,0
FUT2,rs602662,0,0,0,0,0,0,0,0,0,0,0,0,0,0,0,0,0,0,0,0,0,0,0,0,0,0,0
CHPT1,rs2559850,1,0,0,0,2,0,2,2,2,1,1,0,0,1,0,2,2,0,2,1,0,0,1,2,1,1,0
BCAS3,rs9895661,0,1,1,0,2,1,0,0,2,1,1,1,2,1,2,2,0,0,1,0,1,2,2,1,1,1,1
SLC23A1,rs33972313,0,0,0,0,0,0,0,0,0,0,0,0,0,0,0,0,0,0,0,0,0,0,0,0,0,0,0
COPB1,rs55665837,0,0,1,0,0,1,1,2,1,0,1,2,1,0,0,0,0,1,1,0,2,1,2,1,0,0,2
GC,rs2282679,1,2,0,0,0,1,1,1,0,1,1,1,1,0,0,0,0,0,0,1,1,2,1,1,0,0,1
ZPR1,rs964184,1,2,1,2,1,1,2,2,1,2,1,0,2,1,1,2,2,1,2,0,1,1,2,2,2,2,2
SCARB1,rs11057830,0,0,0,1,2,0,0,1,0,0,0,1,0,0,1,1,1,0,0,0,1,0,0,0,1,0,0
CYP4F2,rs2108622,1,0,2,0,0,0,1,1,0,2,0,0,0,2,0,1,0,0,0,1,1,1,1,0,1,1,0
CTNNA2,rs4852146,1,1,1,2,2,1,1,1,2,2,2,1,2,1,2,2,1,2,1,1,2,2,1,1,2,2,2
KCNK9,rs4645543,0,0,0,0,0,0,0,0,0,0,0,0,0,0,0,0,0,0,0,0,0,0,0,0,0,0,0
SLC39A11,rs891684,1,0,1,0,1,0,0,0,0,0,1,0,0,1,0,0,1,1,0,1,0,0,1,1,1,0,1
NEIL3-AGA,rs1395479,0,0,0,0,0,0,1,2,1,1,0,0,1,0,1,0,2,1,1,0,1,0,0,1,1,2,0
BHMT,rs567754,2,1,2,2,0,0,1,1,2,0,2,0,1,0,1,1,1,1,0,1,2,1,1,2,0,2,0
ALG14,rs6675668,1,0,2,0,0,2,1,0,0,0,0,0,0,0,1,0,0,0,0,1,0,0,0,0,1,0,0
PKD2L1,rs603424,0,0,0,0,0,1,0,1,0,1,1,0,0,0,0,0,0,0,0,0,0,0,0,0,0,0,0
AGXT2,rs37369,1,2,0,2,2,1,2,1,1,1,0,0,2,2,1,1,2,2,0,1,1,2,1,1,2,2,2
ARG1,rs2246012,0,1,0,1,0,1,0,1,2,0,2,1,1,0,0,1,1,0,0,2,0,0,2,0,0,1,0
SLC7A2,rs56335308,0,0,0,0,0,0,0,0,1,0,0,1,0,0,0,1,0,0,0,0,0,0,0,1,0,0,0
PPCDC,rs2120019,1,1,1,1,1,0,0,1,0,2,1,1,1,1,0,2,2,1,2,1,1,1,1,1,2,1,0
CA1,rs1532423,1,2,1,1,0,1,0,1,1,1,0,0,0,1,0,1,1,1,2,1,0,1,0,0,1,1,2
FADS1,rs174550,1,0,1,0,0,1,0,1,0,0,1,0,0,2,0,1,0,2,0,0,0,0,0,0,0,1,1
MTHFR,rs13306561,2,0,0,0,0,0,0,0,1,1,0,0,0,0,0,0,0,0,0,0,0,0,0,0,0,0,0
FADS2-FADS3,rs174448,1,1,2,2,2,2,2,2,2,2,2,2,2,1,2,1,2,0,2,1,2,2,2,1,2,2,2
PDXDC1,rs72789541,0,1,2,1,1,2,0,0,0,1,0,2,0,1,1,1,1,1,1,1,1,0,0,1,1,1,0
TM6SF2,rs58542926,0,0,0,0,0,0,0,0,0,0,1,0,0,0,0,0,0,0,0,0,0,0,0,0,0,0,0
CETP,rs3764261,1,0,0,0,1,0,0,0,0,0,0,0,2,0,0,0,0,1,0,0,0,0,0,1,0,1,0
PHB2,rs2110073,0,0,0,0,0,0,0,0,0,0,0,0,0,0,0,0,0,0,0,0,0,0,0,0,0,0,0
KCTD17-TMPRSS6,rs760719,1,0,1,0,1,1,0,1,1,2,1,0,1,1,1,2,1,1,2,2,1,2,0,1,2,1,0
TF,rs8177240,1,1,0,1,2,2,1,0,2,1,0,1,1,1,1,1,2,2,1,1,1,1,1,1,2,1,1
TFR2,rs7385804,2,2,2,2,2,2,2,2,2,1,2,2,2,2,2,1,1,2,1,1,2,1,2,2,2,2,2
TCF4,rs784257,2,2,2,2,2,2,2,2,2,2,2,2,2,2,2,2,2,2,2,2,2,2,2,2,2,2,2
PRDM8-FGF5,rs12509595,1,0,1,0,0,1,0,0,0,1,0,0,1,1,1,1,1,2,1,1,0,0,2,2,0,2,0
BCAS1-CYP24A1,rs6123359,1,1,1,0,0,0,0,1,2,1,0,0,1,1,2,1,0,1,1,1,1,2,0,0,1,0,0
HGFAC,rs13108218,0,1,0,1,1,2,1,2,0,0,0,1,1,0,0,0,2,1,1,1,2,0,1,1,1,2,2
TTC39B,rs686030,2,2,2,2,1,2,2,2,2,2,2,2,2,2,2,2,2,2,2,2,2,2,2,2,2,2,2
LIPC,rs1077835,2,1,0,0,2,1,1,0,1,2,1,1,0,1,0,1,0,1,1,1,2,0,1,0,0,0,1
TAT-MARVELD3,rs4788815,2,1,2,1,2,2,2,1,2,2,1,1,1,2,1,1,1,1,2,2,2,1,1,2,1,2,0
REV3L,rs6900341,1,0,1,0,1,0,1,0,0,1,1,0,2,0,0,1,0,0,0,1,1,1,1,1,1,2,0
ACTN3,rs1815739,2,1,0,1,1,1,1,1,1,2,1,0,1,2,1,0,2,0,2,1,0,1,0,0,2,1,0
TRHR,rs16892496,1,2,1,1,1,1,2,1,0,0,0,0,0,1,2,2,1,2,0,1,2,1,0,2,2,2,0
AGT,rs699,2,2,2,1,2,1,2,1,2,1,1,2,1,1,2,2,2,2,2,2,2,2,1,1,2,2,2
AGTR2,rs11091046,2,1,2,2,0,2,0,2,2,2,0,2,0,2,1,2,0,2,2,2,2,0,1,2,2,2,2
SLC16A1,rs1049434,2,1,2,2,0,1,1,0,1,2,2,2,1,2,2,2,1,1,1,1,1,2,1,2,1,1,1
MPP7,rs1937810,0,1,0,0,2,1,2,0,1,1,1,1,1,1,2,1,2,1,0,2,1,0,1,2,1,0,2
TIMP2-LGALS3BP,rs4789932,1,1,2,0,2,2,2,2,2,1,2,0,0,2,1,1,1,1,1,2,1,1,0,1,2,0,0
SLC39A8,rs13107325,0,0,0,0,0,0,0,0,0,0,0,0,0,0,0,0,0,0,0,0,0,0,0,0,0,0,0
ATXN2L,rs12928404,0,0,0,1,1,1,1,2,0,1,2,0,1,2,0,1,1,1,2,0,1,0,2,1,1,1,2
TGFA,rs3821269,0,1,2,1,0,1,1,1,1,0,0,1,1,1,1,1,1,1,2,1,0,1,1,1,1,0,0
RNF220,rs272564,0,0,0,0,1,1,0,1,0,0,1,1,2,2,1,0,1,0,1,0,0,1,1,1,1,1,0
BCAT1,rs4963772,0,0,0,1,0,0,0,0,0,1,0,1,0,1,1,0,0,0,0,0,1,0,0,0,0,1,0
SNCA1P,rs4836027,1,1,2,1,1,0,0,1,2,1,1,0,1,2,0,1,2,2,0,1,2,2,2,2,2,2,0
VEGFA,rs2010963,2,2,1,1,1,2,2,2,1,0,2,2,1,2,1,2,2,0,2,2,2,2,2,2,1,1,2
PPARD,rs2016520,1,2,1,1,2,2,1,0,2,2,2,2,2,2,2,2,2,2,1,0,2,2,1,1,1,1,1
CCDC91,rs7977418,1,1,1,1,2,0,0,1,2,2,1,1,0,1,0,1,2,1,1,1,0,0,1,1,1,1,1
CASC17,rs6501455,1,1,2,0,1,0,1,1,1,0,0,0,1,2,0,0,1,0,0,0,1,0,1,0,1,1,0
SLC2A4RG,rs4809221,0,1,2,0,1,0,1,0,1,0,0,0,1,0,1,1,0,2,1,0,0,1,1,0,1,0,0
EDAR,rs3827760,2,2,2,2,1,2,2,2,2,2,1,1,2,2,2,2,2,2,0,2,2,2,2,2,1,2,2
EMX2OS-RAB11FIP2,rs10886142,2,2,2,1,1,1,1,0,1,1,1,1,1,1,1,0,1,0,0,0,1,1,2,1,1,2,2
BNC2,rs10810635,1,2,1,0,2,2,2,2,0,2,2,2,2,1,2,0,0,2,2,2,0,2,0,0,2,1,0
chr20p11,rs2180439,1,1,2,2,1,1,1,2,1,1,1,0,2,1,2,1,2,2,0,1,2,1,2,1,2,1,2
chr20p11,rs1160312,1,1,1,1,2,2,1,1,1,2,1,2,0,1,1,1,0,0,2,1,1,1,1,2,0,1,2
SOX2,rs1345417,2,0,0,0,0,1,0,1,0,0,0,1,0,0,1,1,1,0,1,0,0,0,1,1,0,1,1
EDAR,rs365060,2,2,1,2,2,2,2,2,2,2,2,2,1,2,2,2,2,2,2,2,2,2,2,2,2,1,2
IRF4,rs12203592,0,0,0,0,0,0,0,0,0,0,0,0,0,0,0,0,0,0,0,0,0,0,0,0,0,0,0
SLC24A5,rs1426654,2,2,2,2,1,2,2,2,2,2,2,2,2,2,2,2,2,2,2,2,2,2,2,2,2,2,2
SLC45A2,rs16891982,0,0,0,0,0,0,0,0,0,0,0,0,0,0,0,0,0,0,0,0,0,0,0,0,0,0,0
C11orf49,rs747650,2,1,1,1,1,2,1,2,1,0,2,2,1,1,2,1,0,2,1,1,2,2,2,1,1,0,2
PCNX3,rs61744384,1,1,1,2,1,2,2,1,2,1,0,0,1,2,2,1,1,0,1,0,1,0,2,1,0,1,0
FST,rs629725,1,2,1,2,1,2,2,1,2,1,2,1,1,2,2,1,2,2,2,2,2,2,2,0,1,2,2
IL2RA,rs3118470,0,0,0,0,1,1,0,1,1,1,1,1,1,2,0,1,1,0,0,1,1,0,2,0,2,2,2
IL2-IL21,rs7682481,1,0,0,2,2,0,2,0,0,1,1,0,0,1,0,1,0,1,2,0,1,1,2,2,2,2,1
IL13,rs848,0,2,2,2,2,1,1,2,1,2,1,2,2,0,1,0,1,1,2,2,2,2,2,1,1,2,2
PHLDA3,rs192314256,0,0,1,0,0,0,0,0,0,0,0,0,0,0,0,0,0,0,0,0,0,0,0,0,0,0,0
BPESC1,rs646315,0,0,0,0,0,0,1,0,0,0,0,0,0,0,0,0,0,0,0,0,0,0,0,0,0,0,0
HMCN1,rs10798036,2,1,1,1,1,2,1,2,1,1,2,1,0,1,0,1,1,2,1,2,1,2,2,1,2,1,1
TMEM18,rs7594220,2,2,2,2,2,2,2,2,2,2,2,2,2,2,2,2,2,2,2,2,2,2,2,1,2,1,2
TMEM270-ELN,rs7787362,1,0,0,1,0,1,0,0,0,0,1,1,1,0,1,0,2,1,1,0,0,0,0,1,0,0,1
DEF8,rs4268748,0,1,0,0,0,0,0,0,0,0,0,0,0,0,0,0,0,0,0,1,0,0,0,0,0,1,0
GRB14,rs13027837,2,0,2,1,0,1,1,1,0,1,2,0,1,0,1,0,1,0,0,1,1,0,1,2,0,1,0
PHACTR2,rs1416208,1,0,2,0,1,2,0,0,0,2,0,0,0,0,0,1,0,2,2,1,0,1,0,1,0,1,1
TAS2R38,rs10246939,1,1,2,0,0,2,1,1,0,2,1,2,0,1,1,0,2,2,0,1,0,2,2,2,1,0,0
TAS2R38,rs1726866,1,1,0,2,2,0,1,1,2,0,1,0,2,1,1,2,0,0,2,1,2,0,0,0,1,2,2
SCNN1B,rs239345,1,1,1,0,0,1,0,0,0,1,1,0,0,0,1,0,0,1,0,0,0,0,2,0,1,0,0
TRPV1,rs8065080,0,1,1,2,1,1,1,2,2,2,2,2,1,0,2,1,2,1,2,1,0,2,2,0,0,2,0
SLC4A5,rs10177833,1,1,1,1,1,1,1,0,2,2,0,2,2,0,1,0,1,1,0,0,0,1,1,0,0,1,0
ANKK1,rs1800497,1,0,2,0,0,0,0,0,2,1,0,1,1,0,2,1,0,0,1,0,0,1,2,2,0,1,1
OR7G3,rs10414255,0,0,1,1,2,0,0,1,0,2,1,1,2,2,1,2,1,2,0,0,1,0,0,0,1,0,0
GRM8,rs2237781,0,0,0,0,0,0,1,0,0,0,0,1,1,0,1,0,0,0,0,0,0,0,0,1,1,0,0
UCP3,rs1685356,2,1,1,2,2,2,0,0,1,2,2,2,1,0,1,1,1,2,2,2,1,1,0,0,1,2,2
FTO,rs9939609,0,0,0,0,0,1,0,0,0,0,0,0,0,0,1,0,0,0,0,0,0,0,0,0,0,0,0
HERC2,rs12913832,0,0,0,0,0,0,0,0,0,0,0,0,0,0,0,0,0,0,0,0,0,0,0,0,0,0,0
CYP2A6,rs11878604,1,0,1,0,2,1,1,0,0,1,0,0,2,0,1,0,0,0,1,0,1,2,1,1,2,1,1
CYP2A6,rs12459249,0,2,1,1,0,1,1,1,1,1,1,1,0,1,1,1,2,2,1,2,1,1,1,0,0,1,1
CYP2A6,rs7247903,1,2,2,2,1,1,0,0,1,1,0,0,1,0,2,0,0,0,0,0,0,1,0,0,1,1,1
CHRNA3,rs1051730,0,0,0,1,0,0,0,1,0,0,0,0,0,1,0,0,0,1,0,1,0,0,0,0,0,0,0
CHRNA4,rs2273500,1,0,0,1,1,0,0,1,0,0,0,1,0,0,0,0,1,0,0,0,0,1,0,0,0,0,1
CHRNB3,rs4950,1,2,1,2,2,1,2,2,1,2,2,2,2,2,2,2,2,2,2,0,2,2,2,2,1,1,1
SMAD5,rs7711696,0,1,1,2,0,0,2,0,0,1,2,0,1,1,1,1,0,1,1,2,2,1,0,0,0,1,0
FOXP2,rs8180817,2,1,0,2,2,1,1,1,2,2,2,2,1,1,2,2,1,1,0,1,2,0,2,2,1,2,1
ZEB2,rs10427255,1,2,1,1,1,1,1,1,1,1,1,2,2,1,1,2,0,1,1,2,1,1,0,0,1,1,1
RBFOX1,rs3095508,2,1,1,2,1,1,2,2,2,1,2,2,1,1,1,2,2,1,1,2,2,2,2,2,2,2,2
CA10-KIF2B,rs9903973,1,2,2,2,2,1,2,2,2,0,2,0,2,0,1,2,1,0,1,1,1,0,0,0,1,0,1
CLOCK,rs12649507,2,1,2,2,1,2,0,1,0,1,2,2,2,2,1,2,0,2,0,1,0,1,2,1,2,2,0
VAMP3,rs11121022,0,0,1,0,1,0,1,1,1,0,1,1,0,1,1,0,1,1,0,1,0,1,1,1,0,1,0
PIGK-AK5,rs11162296,2,1,1,0,0,1,0,1,0,0,0,0,0,1,1,0,2,0,1,0,1,1,0,0,0,0,1
FAM185A,rs3972456,1,2,0,1,2,1,0,2,2,0,1,2,1,2,2,2,2,0,1,0,1,1,2,2,1,0,2
ALDH2,rs671,0,0,0,1,0,1,0,0,0,0,0,0,0,1,0,1,1,0,0,1,0,1,0,0,1,0,1
HECTD4,rs2074356,0,0,0,1,0,1,0,0,0,0,0,0,0,1,0,0,1,0,0,1,0,1,0,0,1,0,0
ADH1B,rs1229984,0,0,1,0,1,0,0,0,1,0,2,1,1,1,0,0,1,0,1,1,2,0,1,1,0,1,0
SERINC2,rs4949402,0,0,0,2,0,0,1,1,0,0,0,1,1,0,1,2,1,1,0,0,1,0,0,0,1,2,1
ESR1,rs6902771,1,0,1,1,0,0,2,0,1,0,2,0,1,0,1,0,0,1,1,0,1,0,1,0,1,0,0
NEK11,rs1389271,0,2,0,2,2,2,0,2,2,2,2,2,2,0,2,2,1,0,1,1,1,1,0,1,1,0,0
HLA-DOA,rs9276975,0,0,0,0,0,0,0,0,0,0,0,0,0,0,0,0,0,0,2,0,0,1,0,0,0,0,0
TAS2R16,rs6466849,2,0,2,0,1,1,1,0,1,2,0,1,1,0,0,1,0,0,1,1,0,0,1,0,0,0,0
MCM6,rs4988235,0,0,0,0,0,0,0,0,0,0,0,0,0,0,0,0,0,0,0,0,0,0,0,0,0,0,0
MIR196A2,rs11614913,1,2,2,1,1,1,2,0,1,0,1,1,2,2,1,1,0,1,0,0,2,2,1,0,2,1,1
CYP1A1/2,rs2472297,0,0,0,0,0,0,0,0,0,0,0,0,0,0,0,0,0,0,0,0,0,0,0,0,0,0,0
AHR,rs6968865,1,0,1,1,0,1,2,0,0,0,0,1,1,1,1,1,1,2,0,1,1,2,1,1,0,0,0
CPLX3-ULK3,rs6495122,0,1,0,1,0,1,1,0,0,0,0,1,1,0,0,0,0,0,0,0,0,1,1,0,0,0,0
MSRB3,rs10878269,0,1,0,1,0,1,0,0,1,1,0,0,0,0,0,0,1,1,1,0,1,0,0,0,1,0,0
DLEU7,rs592333,1,1,1,2,2,2,2,1,1,2,2,1,0,2,2,2,1,1,2,1,1,1,2,2,2,1,2
POC5,rs2307111,1,2,0,1,1,1,1,1,1,1,2,2,2,2,0,1,2,1,2,2,1,1,1,2,1,1,1
P2RX7,rs7958311,1,1,2,1,1,2,0,2,2,1,1,1,1,1,0,1,1,1,1,1,1,2,1,0,1,0,1
SCN9A,rs6746030,2,2,2,2,2,2,2,2,2,1,2,2,2,2,0,2,2,2,2,2,2,2,2,2,2,2,2
OR51B5,rs317787,2,1,2,1,0,0,1,2,0,1,0,1,1,1,1,0,1,1,0,0,0,2,2,1,2,0,1
ZNF621-CTNNB1,rs430727,0,0,0,0,0,0,0,2,2,0,0,0,2,1,0,0,0,0,2,0,0,2,2,0,1,0,0
MEPE-SPP1,rs6532023,1,2,2,0,1,0,1,2,2,1,1,2,2,1,2,1,1,2,1,2,2,1,0,1,1,1,0
COLEC10,rs2062377,2,2,1,1,2,1,2,1,2,2,1,0,2,1,2,2,2,1,1,1,2,2,1,1,1,2,1
FGF21,rs838133,2,2,2,2,2,2,2,2,2,2,2,2,2,2,2,2,2,2,2,2,2,2,2,2,2,2,2
GCKR,rs1260326,1,1,0,1,0,0,0,1,1,1,0,1,1,0,0,0,1,2,1,2,1,1,0,0,1,0,2
UST,rs13211840,0,0,0,0,0,0,1,0,0,0,0,0,0,0,0,0,0,0,0,0,0,0,0,0,0,0,0
HMX3-GPR26,rs705145,1,2,0,1,0,1,0,1,2,2,0,1,2,2,1,0,0,1,2,1,1,0,1,2,1,0,2
LINGO2,rs2150864,2,0,1,1,1,1,1,0,2,2,1,1,1,1,2,2,1,1,1,0,2,1,1,2,0,0,0
ACO1,rs10970305,2,1,2,2,2,2,2,2,2,1,2,2,2,2,2,2,2,2,1,2,1,2,1,1,1,1,2
SSPN-ITPR2,rs10842707,2,2,1,1,1,1,1,0,1,1,1,1,2,0,1,2,2,1,1,1,1,1,2,2,2,1,1
KCNJ2-CASC17,rs8066985,1,2,1,1,2,2,2,2,2,1,1,1,2,2,1,2,0,1,2,1,1,1,1,1,2,1,1
VEGFA-MRPL14,rs998584,2,1,2,2,1,1,0,1,0,2,2,0,2,2,0,2,2,1,1,0,1,1,2,0,1,2,0
HS6ST3,rs7989336,2,0,2,0,1,1,0,2,1,2,1,0,2,0,1,1,1,0,2,2,2,1,2,1,1,0,0
HNF4G-ZFHX4,rs4735692,1,1,0,0,2,2,0,1,2,0,0,0,0,1,1,2,1,2,2,2,1,1,0,0,2,1,0
L3MBTL3,rs7740107,2,2,2,2,2,2,2,2,2,2,2,2,2,2,2,2,2,2,2,2,2,2,2,2,1,2,2
FTO,rs9939973,1,1,0,0,1,1,0,0,0,0,1,0,0,0,1,0,0,0,1,0,0,0,0,0,0,0,0
FTO,rs1421085,1,1,0,0,0,1,0,0,0,0,1,0,0,0,1,0,0,0,1,0,0,0,0,0,0,0,0
MPPED2-DCDC1,rs963837,1,1,2,1,0,1,0,1,1,1,2,0,0,1,0,1,0,1,2,2,1,2,1,1,1,1,0
PLIN1,rs1052700,1,0,0,2,0,2,0,1,1,1,0,1,0,1,0,1,0,0,1,0,0,0,0,1,1,0,1
IRS1,rs2943656,2,2,2,2,2,2,1,2,2,2,2,2,2,2,2,2,2,2,2,2,2,2,2,1,1,2,2
TRIB1,rs17321515,0,1,2,2,1,1,2,1,2,0,1,2,1,2,2,1,0,1,2,0,0,1,1,1,2,1,0
NEGR1,rs2815752,2,2,2,1,2,2,1,2,2,2,2,2,2,1,2,2,2,2,2,2,2,1,2,2,2,2,2
BDNF,rs6265,1,2,1,0,2,2,1,2,1,1,0,1,2,0,0,0,1,0,2,2,0,2,2,1,2,2,0
PLCE1,rs2274224,1,1,1,1,1,0,0,0,1,1,2,1,1,2,0,0,1,2,2,1,0,2,2,1,1,1,0
WSCD2,rs1426371,0,2,1,1,1,1,0,0,2,2,1,1,1,1,1,1,0,0,1,1,1,0,1,0,0,1,1
IQCH,rs28399271,0,0,1,0,1,1,1,1,1,0,1,2,1,1,0,0,2,0,1,1,1,1,1,1,2,1,1
MC4R,rs12970134,0,1,0,0,1,0,1,0,0,0,1,1,1,1,0,1,0,0,1,0,1,1,0,1,0,0,1
CMIP,rs2925979,1,2,2,1,1,2,1,1,1,1,2,0,1,1,1,2,2,1,1,1,1,2,0,2,1,2,1
SNX13,rs4142995,1,0,1,0,1,1,1,1,1,0,2,1,1,1,1,1,1,0,1,2,1,2,0,2,2,1,2
HPR,rs2000999,1,0,0,1,0,0,0,1,1,0,1,2,0,0,1,1,1,0,0,1,1,0,1,1,1,0,1
HMGCR,rs7703051,0,2,0,0,0,0,2,0,0,0,2,2,2,1,0,0,2,0,2,0,0,0,0,0,0,0,0
TGFA,rs3771501,0,1,1,1,1,1,1,1,2,0,0,1,1,1,1,1,1,2,2,1,0,1,1,2,1,1,1
MIR572-RAB28,rs1913707,0,0,0,0,1,0,2,2,2,0,0,2,0,0,0,0,2,0,0,0,2,1,1,0,1,1,2
MTNR1B,rs10830963,2,1,1,2,1,0,1,1,1,2,1,1,1,1,0,2,0,2,0,1,1,0,1,1,2,0,1
CDKAL1,rs9358356,0,0,2,0,1,1,2,2,1,1,2,2,0,2,0,1,2,1,0,2,1,0,1,1,1,1,2
DGKB-TMEM195,rs1974620,2,0,2,1,2,2,1,2,2,2,1,1,1,2,1,1,1,2,2,2,1,2,1,2,1,2,2
CUX2,rs79105258,0,0,0,0,0,1,0,0,0,0,0,0,0,0,0,0,0,0,0,0,0,1,0,0,1,0,0
KCNK3,rs1275988,0,0,0,0,0,0,0,1,0,0,0,0,0,0,0,0,0,0,0,0,1,0,0,1,2,0,0
NPR3-C5orf23,rs1173727,2,1,1,2,2,1,0,1,2,2,2,2,1,2,2,1,0,2,2,1,1,2,1,2,2,2,1
SNX8,rs144787122,0,0,0,0,0,0,0,0,0,0,0,0,0,0,0,0,0,0,0,0,0,0,0,0,0,0,0
